0 verbose cli /usr/bin/node /usr/bin/npm
1 info using npm@10.8.2
2 info using node@v20.19.0
3 silly config load:file:/usr/lib/node_modules/npm/npmrc
4 silly config load:file:/home/pribg/.npmrc
5 silly config load:file:/usr/etc/npmrc
6 verbose title npm install jest
7 verbose argv "install" "--save-dev" "jest"
8 verbose logfile logs-max:10 dir:/home/pribg/.npm/_logs/2025-03-13T23_39_56_268Z-
9 verbose logfile /home/pribg/.npm/_logs/2025-03-13T23_39_56_268Z-debug-0.log
10 silly packumentCache heap:2197815296 maxSize:549453824 maxEntrySize:274726912
11 silly logfile done cleaning log files
12 silly idealTree buildDeps
13 silly fetch manifest jest@*
14 silly packumentCache full:https://registry.npmjs.org/jest cache-miss
15 http fetch GET 200 https://registry.npmjs.org/npm 360ms
16 http fetch GET 200 https://registry.npmjs.org/jest 376ms (cache miss)
17 silly packumentCache full:https://registry.npmjs.org/jest set size:undefined disposed:false
18 silly fetch manifest node-notifier@^8.0.1 || ^9.0.0 || ^10.0.0
19 silly packumentCache full:https://registry.npmjs.org/node-notifier cache-miss
20 http fetch GET 200 https://registry.npmjs.org/node-notifier 71ms (cache miss)
21 silly packumentCache full:https://registry.npmjs.org/node-notifier set size:undefined disposed:false
22 silly placeDep ROOT jest@29.7.0 OK for:  want: *
23 silly fetch manifest jest-cli@^29.7.0
24 silly packumentCache full:https://registry.npmjs.org/jest-cli cache-miss
25 silly fetch manifest @jest/core@^29.7.0
26 silly packumentCache full:https://registry.npmjs.org/@jest%2fcore cache-miss
27 silly fetch manifest @jest/types@^29.6.3
28 silly packumentCache full:https://registry.npmjs.org/@jest%2ftypes cache-miss
29 silly fetch manifest import-local@^3.0.2
30 silly packumentCache full:https://registry.npmjs.org/import-local cache-miss
31 http fetch GET 200 https://registry.npmjs.org/jest-cli 154ms (cache miss)
32 silly packumentCache full:https://registry.npmjs.org/jest-cli set size:undefined disposed:false
33 http fetch GET 200 https://registry.npmjs.org/@jest%2fcore 194ms (cache miss)
34 silly packumentCache full:https://registry.npmjs.org/@jest%2fcore set size:undefined disposed:false
35 http fetch GET 200 https://registry.npmjs.org/import-local 243ms (cache miss)
36 silly packumentCache full:https://registry.npmjs.org/import-local set size:undefined disposed:false
37 http fetch GET 200 https://registry.npmjs.org/@jest%2ftypes 255ms (cache miss)
38 silly packumentCache full:https://registry.npmjs.org/@jest%2ftypes set size:undefined disposed:false
39 silly placeDep ROOT @jest/core@29.7.0 OK for: jest@29.7.0 want: ^29.7.0
40 silly placeDep ROOT @jest/types@29.6.3 OK for: jest@29.7.0 want: ^29.6.3
41 silly placeDep ROOT import-local@3.2.0 OK for: jest@29.7.0 want: ^3.0.2
42 silly placeDep ROOT jest-cli@29.7.0 OK for: jest@29.7.0 want: ^29.7.0
43 silly fetch manifest exit@^0.1.2
44 silly packumentCache full:https://registry.npmjs.org/exit cache-miss
45 silly fetch manifest chalk@^4.0.0
46 silly packumentCache full:https://registry.npmjs.org/chalk cache-miss
47 silly fetch manifest slash@^3.0.0
48 silly packumentCache full:https://registry.npmjs.org/slash cache-miss
49 silly fetch manifest ci-info@^3.2.0
50 silly packumentCache full:https://registry.npmjs.org/ci-info cache-miss
51 silly fetch manifest jest-util@^29.7.0
52 silly packumentCache full:https://registry.npmjs.org/jest-util cache-miss
53 silly fetch manifest micromatch@^4.0.4
54 silly packumentCache full:https://registry.npmjs.org/micromatch cache-miss
55 silly fetch manifest strip-ansi@^6.0.0
56 silly packumentCache full:https://registry.npmjs.org/strip-ansi cache-miss
57 http fetch GET 200 https://registry.npmjs.org/exit 118ms (cache miss)
58 silly packumentCache full:https://registry.npmjs.org/exit set size:undefined disposed:false
59 silly fetch manifest @types/node@*
60 silly packumentCache full:https://registry.npmjs.org/@types%2fnode cache-miss
61 http fetch GET 200 https://registry.npmjs.org/ci-info 133ms (cache miss)
62 silly packumentCache full:https://registry.npmjs.org/ci-info set size:undefined disposed:false
63 silly fetch manifest graceful-fs@^4.2.9
64 silly packumentCache full:https://registry.npmjs.org/graceful-fs cache-miss
65 http fetch GET 200 https://registry.npmjs.org/chalk 162ms (cache miss)
66 silly packumentCache full:https://registry.npmjs.org/chalk set size:undefined disposed:false
67 silly fetch manifest jest-config@^29.7.0
68 silly packumentCache full:https://registry.npmjs.org/jest-config cache-miss
69 http fetch GET 200 https://registry.npmjs.org/slash 183ms (cache miss)
70 silly packumentCache full:https://registry.npmjs.org/slash set size:undefined disposed:false
71 silly fetch manifest jest-runner@^29.7.0
72 silly packumentCache full:https://registry.npmjs.org/jest-runner cache-miss
73 http fetch GET 200 https://registry.npmjs.org/strip-ansi 243ms (cache miss)
74 silly packumentCache full:https://registry.npmjs.org/strip-ansi set size:undefined disposed:false
75 silly fetch manifest ansi-escapes@^4.2.1
76 silly packumentCache full:https://registry.npmjs.org/ansi-escapes cache-miss
77 http fetch GET 200 https://registry.npmjs.org/micromatch 273ms (cache miss)
78 silly packumentCache full:https://registry.npmjs.org/micromatch set size:undefined disposed:false
79 silly fetch manifest jest-resolve@^29.7.0
80 silly packumentCache full:https://registry.npmjs.org/jest-resolve cache-miss
81 http fetch GET 200 https://registry.npmjs.org/graceful-fs 146ms (cache miss)
82 silly packumentCache full:https://registry.npmjs.org/graceful-fs set size:undefined disposed:false
83 silly fetch manifest jest-runtime@^29.7.0
84 silly packumentCache full:https://registry.npmjs.org/jest-runtime cache-miss
85 http fetch GET 200 https://registry.npmjs.org/jest-util 331ms (cache miss)
86 silly packumentCache full:https://registry.npmjs.org/jest-util set size:undefined disposed:false
87 silly fetch manifest jest-watcher@^29.7.0
88 silly packumentCache full:https://registry.npmjs.org/jest-watcher cache-miss
89 http fetch GET 200 https://registry.npmjs.org/jest-watcher 332ms (cache miss)
90 silly packumentCache full:https://registry.npmjs.org/jest-watcher set size:undefined disposed:false
91 silly fetch manifest @jest/console@^29.7.0
92 silly packumentCache full:https://registry.npmjs.org/@jest%2fconsole cache-miss
93 http fetch GET 200 https://registry.npmjs.org/jest-runner 548ms (cache miss)
94 silly packumentCache full:https://registry.npmjs.org/jest-runner set size:undefined disposed:false
95 silly fetch manifest jest-snapshot@^29.7.0
96 silly packumentCache full:https://registry.npmjs.org/jest-snapshot cache-miss
97 http fetch GET 200 https://registry.npmjs.org/@jest%2fconsole 199ms (cache miss)
98 silly packumentCache full:https://registry.npmjs.org/@jest%2fconsole set size:undefined disposed:false
99 silly fetch manifest jest-validate@^29.7.0
100 silly packumentCache full:https://registry.npmjs.org/jest-validate cache-miss
101 http fetch GET 200 https://registry.npmjs.org/jest-resolve 632ms (cache miss)
102 silly packumentCache full:https://registry.npmjs.org/jest-resolve set size:undefined disposed:false
103 silly fetch manifest pretty-format@^29.7.0
104 silly packumentCache full:https://registry.npmjs.org/pretty-format cache-miss
105 http fetch GET 200 https://registry.npmjs.org/jest-runtime 681ms (cache miss)
106 silly packumentCache full:https://registry.npmjs.org/jest-runtime set size:undefined disposed:false
107 silly fetch manifest jest-haste-map@^29.7.0
108 silly packumentCache full:https://registry.npmjs.org/jest-haste-map cache-miss
109 http fetch GET 200 https://registry.npmjs.org/ansi-escapes 748ms (cache miss)
110 silly packumentCache full:https://registry.npmjs.org/ansi-escapes set size:undefined disposed:false
111 silly fetch manifest @jest/reporters@^29.7.0
112 silly packumentCache full:https://registry.npmjs.org/@jest%2freporters cache-miss
113 http fetch GET 200 https://registry.npmjs.org/jest-config 859ms (cache miss)
114 silly packumentCache full:https://registry.npmjs.org/jest-config set size:undefined disposed:false
115 silly fetch manifest @jest/transform@^29.7.0
116 silly packumentCache full:https://registry.npmjs.org/@jest%2ftransform cache-miss
117 http fetch GET 200 https://registry.npmjs.org/jest-snapshot 358ms (cache miss)
118 silly packumentCache full:https://registry.npmjs.org/jest-snapshot set size:undefined disposed:false
119 silly fetch manifest jest-regex-util@^29.6.3
120 silly packumentCache full:https://registry.npmjs.org/jest-regex-util cache-miss
121 http fetch GET 200 https://registry.npmjs.org/jest-validate 270ms (cache miss)
122 silly packumentCache full:https://registry.npmjs.org/jest-validate set size:undefined disposed:false
123 silly fetch manifest @jest/test-result@^29.7.0
124 silly packumentCache full:https://registry.npmjs.org/@jest%2ftest-result cache-miss
125 http fetch GET 200 https://registry.npmjs.org/pretty-format 249ms (cache miss)
126 silly packumentCache full:https://registry.npmjs.org/pretty-format set size:undefined disposed:false
127 silly fetch manifest jest-message-util@^29.7.0
128 silly packumentCache full:https://registry.npmjs.org/jest-message-util cache-miss
129 http fetch GET 200 https://registry.npmjs.org/@jest%2freporters 203ms (cache miss)
130 silly packumentCache full:https://registry.npmjs.org/@jest%2freporters set size:undefined disposed:false
131 silly fetch manifest jest-changed-files@^29.7.0
132 silly packumentCache full:https://registry.npmjs.org/jest-changed-files cache-miss
133 http fetch GET 200 https://registry.npmjs.org/jest-haste-map 253ms (cache miss)
134 silly packumentCache full:https://registry.npmjs.org/jest-haste-map set size:undefined disposed:false
135 silly fetch manifest jest-resolve-dependencies@^29.7.0
136 silly packumentCache full:https://registry.npmjs.org/jest-resolve-dependencies cache-miss
137 http fetch GET 200 https://registry.npmjs.org/jest-regex-util 198ms (cache miss)
138 silly packumentCache full:https://registry.npmjs.org/jest-regex-util set size:undefined disposed:false
139 silly fetch manifest @types/node@*
140 silly packumentCache full:https://registry.npmjs.org/@types%2fnode cache-miss
141 http fetch GET 200 https://registry.npmjs.org/@jest%2ftest-result 223ms (cache miss)
142 silly packumentCache full:https://registry.npmjs.org/@jest%2ftest-result set size:undefined disposed:false
143 silly fetch manifest @types/yargs@^17.0.8
144 silly packumentCache full:https://registry.npmjs.org/@types%2fyargs cache-miss
145 http fetch GET 200 https://registry.npmjs.org/jest-changed-files 188ms (cache miss)
146 silly packumentCache full:https://registry.npmjs.org/jest-changed-files set size:undefined disposed:false
147 silly fetch manifest @jest/schemas@^29.6.3
148 silly packumentCache full:https://registry.npmjs.org/@jest%2fschemas cache-miss
149 http fetch GET 200 https://registry.npmjs.org/@jest%2ftransform 407ms (cache miss)
150 silly packumentCache full:https://registry.npmjs.org/@jest%2ftransform set size:undefined disposed:false
151 silly fetch manifest @types/istanbul-reports@^3.0.0
152 silly packumentCache full:https://registry.npmjs.org/@types%2fistanbul-reports cache-miss
153 http fetch GET 200 https://registry.npmjs.org/jest-message-util 285ms (cache miss)
154 silly packumentCache full:https://registry.npmjs.org/jest-message-util set size:undefined disposed:false
155 silly fetch manifest @types/istanbul-lib-coverage@^2.0.0
156 silly packumentCache full:https://registry.npmjs.org/@types%2fistanbul-lib-coverage cache-miss
157 http fetch GET 200 https://registry.npmjs.org/jest-resolve-dependencies 259ms (cache miss)
158 silly packumentCache full:https://registry.npmjs.org/jest-resolve-dependencies set size:undefined disposed:false
159 silly fetch manifest pkg-dir@^4.2.0
160 silly packumentCache full:https://registry.npmjs.org/pkg-dir cache-miss
161 http fetch GET 200 https://registry.npmjs.org/@types%2fnode 1424ms (cache miss)
162 silly packumentCache full:https://registry.npmjs.org/@types%2fnode set size:undefined disposed:false
163 silly fetch manifest resolve-cwd@^3.0.0
164 silly packumentCache full:https://registry.npmjs.org/resolve-cwd cache-miss
165 http fetch GET 200 https://registry.npmjs.org/pkg-dir 338ms (cache miss)
166 silly packumentCache full:https://registry.npmjs.org/pkg-dir set size:undefined disposed:false
167 silly fetch manifest yargs@^17.3.1
168 silly packumentCache full:https://registry.npmjs.org/yargs cache-miss
169 http fetch GET 200 https://registry.npmjs.org/@types%2fistanbul-lib-coverage 389ms (cache miss)
170 silly packumentCache full:https://registry.npmjs.org/@types%2fistanbul-lib-coverage set size:undefined disposed:false
171 silly fetch manifest create-jest@^29.7.0
172 silly packumentCache full:https://registry.npmjs.org/create-jest cache-miss
173 http fetch GET 200 https://registry.npmjs.org/@types%2fistanbul-reports 428ms (cache miss)
174 silly packumentCache full:https://registry.npmjs.org/@types%2fistanbul-reports set size:undefined disposed:false
175 http fetch GET 200 https://registry.npmjs.org/@jest%2fschemas 478ms (cache miss)
176 silly packumentCache full:https://registry.npmjs.org/@jest%2fschemas set size:undefined disposed:false
177 http fetch GET 200 https://registry.npmjs.org/resolve-cwd 117ms (cache miss)
178 silly packumentCache full:https://registry.npmjs.org/resolve-cwd set size:undefined disposed:false
179 http fetch GET 200 https://registry.npmjs.org/create-jest 71ms (cache miss)
180 silly packumentCache full:https://registry.npmjs.org/create-jest set size:undefined disposed:false
181 http fetch GET 200 https://registry.npmjs.org/yargs 154ms (cache miss)
182 silly packumentCache full:https://registry.npmjs.org/yargs set size:undefined disposed:false
183 http fetch GET 200 https://registry.npmjs.org/@types%2fnode 774ms (cache miss)
184 silly packumentCache full:https://registry.npmjs.org/@types%2fnode set size:undefined disposed:false
185 http fetch GET 200 https://registry.npmjs.org/@types%2fyargs 939ms (cache miss)
186 silly packumentCache full:https://registry.npmjs.org/@types%2fyargs set size:undefined disposed:false
187 silly fetch manifest ts-node@>=9.0.0
188 silly packumentCache full:https://registry.npmjs.org/ts-node cache-miss
189 http fetch GET 200 https://registry.npmjs.org/ts-node 89ms (cache miss)
190 silly packumentCache full:https://registry.npmjs.org/ts-node set size:undefined disposed:false
191 silly fetch manifest @swc/core@>=1.2.50
192 silly packumentCache full:https://registry.npmjs.org/@swc%2fcore cache-miss
193 http fetch GET 200 https://registry.npmjs.org/@swc%2fcore 218ms (cache miss)
194 silly packumentCache full:https://registry.npmjs.org/@swc%2fcore set size:undefined disposed:false
195 silly fetch manifest @swc/helpers@*
196 silly packumentCache full:https://registry.npmjs.org/@swc%2fhelpers cache-miss
197 http fetch GET 200 https://registry.npmjs.org/@swc%2fhelpers 73ms (cache miss)
198 silly packumentCache full:https://registry.npmjs.org/@swc%2fhelpers set size:undefined disposed:false
199 silly fetch manifest @swc/wasm@>=1.2.50
200 silly packumentCache full:https://registry.npmjs.org/@swc%2fwasm cache-miss
201 http fetch GET 200 https://registry.npmjs.org/@swc%2fwasm 131ms (cache miss)
202 silly packumentCache full:https://registry.npmjs.org/@swc%2fwasm set size:undefined disposed:false
203 silly fetch manifest typescript@>=2.7
204 silly packumentCache full:https://registry.npmjs.org/typescript cache-miss
205 http fetch GET 200 https://registry.npmjs.org/typescript 563ms (cache miss)
206 silly packumentCache full:https://registry.npmjs.org/typescript set size:undefined disposed:false
207 silly placeDep ROOT @jest/console@29.7.0 OK for: @jest/core@29.7.0 want: ^29.7.0
208 silly placeDep ROOT @jest/reporters@29.7.0 OK for: @jest/core@29.7.0 want: ^29.7.0
209 silly placeDep ROOT @jest/test-result@29.7.0 OK for: @jest/core@29.7.0 want: ^29.7.0
210 silly placeDep ROOT @jest/transform@29.7.0 OK for: @jest/core@29.7.0 want: ^29.7.0
211 silly placeDep ROOT @types/node@22.13.10 OK for: @jest/core@29.7.0 want: *
212 silly placeDep ROOT ansi-escapes@4.3.2 OK for: @jest/core@29.7.0 want: ^4.2.1
213 silly placeDep ROOT chalk@4.1.2 OK for: @jest/core@29.7.0 want: ^4.0.0
214 silly placeDep ROOT ci-info@3.9.0 OK for: @jest/core@29.7.0 want: ^3.2.0
215 silly placeDep ROOT exit@0.1.2 OK for: @jest/core@29.7.0 want: ^0.1.2
216 silly placeDep ROOT graceful-fs@4.2.11 OK for: @jest/core@29.7.0 want: ^4.2.9
217 silly placeDep ROOT jest-changed-files@29.7.0 OK for: @jest/core@29.7.0 want: ^29.7.0
218 silly placeDep ROOT jest-config@29.7.0 OK for: @jest/core@29.7.0 want: ^29.7.0
219 silly placeDep ROOT jest-haste-map@29.7.0 OK for: @jest/core@29.7.0 want: ^29.7.0
220 silly placeDep ROOT jest-message-util@29.7.0 OK for: @jest/core@29.7.0 want: ^29.7.0
221 silly placeDep ROOT jest-regex-util@29.6.3 OK for: @jest/core@29.7.0 want: ^29.6.3
222 silly placeDep ROOT jest-resolve@29.7.0 OK for: @jest/core@29.7.0 want: ^29.7.0
223 silly placeDep ROOT jest-resolve-dependencies@29.7.0 OK for: @jest/core@29.7.0 want: ^29.7.0
224 silly placeDep ROOT jest-runner@29.7.0 OK for: @jest/core@29.7.0 want: ^29.7.0
225 silly placeDep ROOT jest-runtime@29.7.0 OK for: @jest/core@29.7.0 want: ^29.7.0
226 silly placeDep ROOT jest-snapshot@29.7.0 OK for: @jest/core@29.7.0 want: ^29.7.0
227 silly placeDep ROOT jest-util@29.7.0 OK for: @jest/core@29.7.0 want: ^29.7.0
228 silly placeDep ROOT jest-validate@29.7.0 OK for: @jest/core@29.7.0 want: ^29.7.0
229 silly placeDep ROOT jest-watcher@29.7.0 OK for: @jest/core@29.7.0 want: ^29.7.0
230 silly placeDep ROOT micromatch@4.0.8 OK for: @jest/core@29.7.0 want: ^4.0.4
231 silly placeDep ROOT pretty-format@29.7.0 OK for: @jest/core@29.7.0 want: ^29.7.0
232 silly placeDep ROOT slash@3.0.0 OK for: @jest/core@29.7.0 want: ^3.0.0
233 silly placeDep ROOT strip-ansi@6.0.1 OK for: @jest/core@29.7.0 want: ^6.0.0
234 silly fetch manifest glob@^7.1.3
235 silly packumentCache full:https://registry.npmjs.org/glob cache-miss
236 silly fetch manifest jest-worker@^29.7.0
237 silly packumentCache full:https://registry.npmjs.org/jest-worker cache-miss
238 silly fetch manifest string-length@^4.0.1
239 silly packumentCache full:https://registry.npmjs.org/string-length cache-miss
240 silly fetch manifest v8-to-istanbul@^9.0.1
241 silly packumentCache full:https://registry.npmjs.org/v8-to-istanbul cache-miss
242 silly fetch manifest istanbul-reports@^3.1.3
243 silly packumentCache full:https://registry.npmjs.org/istanbul-reports cache-miss
244 silly fetch manifest @bcoe/v8-coverage@^0.2.3
245 silly packumentCache full:https://registry.npmjs.org/@bcoe%2fv8-coverage cache-miss
246 silly fetch manifest collect-v8-coverage@^1.0.0
247 silly packumentCache full:https://registry.npmjs.org/collect-v8-coverage cache-miss
248 http fetch GET 200 https://registry.npmjs.org/string-length 90ms (cache miss)
249 silly packumentCache full:https://registry.npmjs.org/string-length set size:undefined disposed:false
250 silly fetch manifest istanbul-lib-report@^3.0.0
251 silly packumentCache full:https://registry.npmjs.org/istanbul-lib-report cache-miss
252 http fetch GET 200 https://registry.npmjs.org/collect-v8-coverage 111ms (cache miss)
253 silly packumentCache full:https://registry.npmjs.org/collect-v8-coverage set size:undefined disposed:false
254 silly fetch manifest istanbul-lib-coverage@^3.0.0
255 silly packumentCache full:https://registry.npmjs.org/istanbul-lib-coverage cache-miss
256 http fetch GET 200 https://registry.npmjs.org/jest-worker 136ms (cache miss)
257 silly packumentCache full:https://registry.npmjs.org/jest-worker set size:undefined disposed:false
258 silly fetch manifest istanbul-lib-instrument@^6.0.0
259 silly packumentCache full:https://registry.npmjs.org/istanbul-lib-instrument cache-miss
260 http fetch GET 200 https://registry.npmjs.org/glob 160ms (cache miss)
261 silly packumentCache full:https://registry.npmjs.org/glob set size:undefined disposed:false
262 silly fetch manifest istanbul-lib-source-maps@^4.0.0
263 silly packumentCache full:https://registry.npmjs.org/istanbul-lib-source-maps cache-miss
264 http fetch GET 200 https://registry.npmjs.org/v8-to-istanbul 166ms (cache miss)
265 silly packumentCache full:https://registry.npmjs.org/v8-to-istanbul set size:undefined disposed:false
266 silly fetch manifest @jridgewell/trace-mapping@^0.3.18
267 silly packumentCache full:https://registry.npmjs.org/@jridgewell%2ftrace-mapping cache-miss
268 http fetch GET 200 https://registry.npmjs.org/istanbul-reports 183ms (cache miss)
269 silly packumentCache full:https://registry.npmjs.org/istanbul-reports set size:undefined disposed:false
270 silly fetch manifest pirates@^4.0.4
271 silly packumentCache full:https://registry.npmjs.org/pirates cache-miss
272 http fetch GET 200 https://registry.npmjs.org/@bcoe%2fv8-coverage 197ms (cache miss)
273 silly packumentCache full:https://registry.npmjs.org/@bcoe%2fv8-coverage set size:undefined disposed:false
274 silly fetch manifest @babel/core@^7.11.6
275 silly packumentCache full:https://registry.npmjs.org/@babel%2fcore cache-miss
276 http fetch GET 200 https://registry.npmjs.org/istanbul-lib-report 114ms (cache miss)
277 silly packumentCache full:https://registry.npmjs.org/istanbul-lib-report set size:undefined disposed:false
278 silly fetch manifest write-file-atomic@^4.0.2
279 silly packumentCache full:https://registry.npmjs.org/write-file-atomic cache-miss
280 http fetch GET 200 https://registry.npmjs.org/istanbul-lib-coverage 114ms (cache miss)
281 silly packumentCache full:https://registry.npmjs.org/istanbul-lib-coverage set size:undefined disposed:false
282 silly fetch manifest convert-source-map@^2.0.0
283 silly packumentCache full:https://registry.npmjs.org/convert-source-map cache-miss
284 http fetch GET 200 https://registry.npmjs.org/istanbul-lib-instrument 98ms (cache miss)
285 silly packumentCache full:https://registry.npmjs.org/istanbul-lib-instrument set size:undefined disposed:false
286 silly fetch manifest babel-plugin-istanbul@^6.1.1
287 silly packumentCache full:https://registry.npmjs.org/babel-plugin-istanbul cache-miss
288 http fetch GET 200 https://registry.npmjs.org/istanbul-lib-source-maps 87ms (cache miss)
289 silly packumentCache full:https://registry.npmjs.org/istanbul-lib-source-maps set size:undefined disposed:false
290 silly fetch manifest @jridgewell/trace-mapping@^0.3.18
291 silly packumentCache full:https://registry.npmjs.org/@jridgewell%2ftrace-mapping cache-miss
292 http fetch GET 200 https://registry.npmjs.org/@jridgewell%2ftrace-mapping 123ms (cache miss)
293 silly packumentCache full:https://registry.npmjs.org/@jridgewell%2ftrace-mapping set size:undefined disposed:false
294 silly fetch manifest fast-json-stable-stringify@^2.1.0
295 silly packumentCache full:https://registry.npmjs.org/fast-json-stable-stringify cache-miss
296 http fetch GET 200 https://registry.npmjs.org/pirates 135ms (cache miss)
297 silly packumentCache full:https://registry.npmjs.org/pirates set size:undefined disposed:false
298 silly fetch manifest undici-types@~6.20.0
299 silly packumentCache full:https://registry.npmjs.org/undici-types cache-miss
300 http fetch GET 200 https://registry.npmjs.org/@babel%2fcore 137ms (cache miss)
301 silly packumentCache full:https://registry.npmjs.org/@babel%2fcore set size:undefined disposed:false
302 silly fetch manifest type-fest@^0.21.3
303 silly packumentCache full:https://registry.npmjs.org/type-fest cache-miss
304 http fetch GET 200 https://registry.npmjs.org/write-file-atomic 145ms (cache miss)
305 silly packumentCache full:https://registry.npmjs.org/write-file-atomic set size:undefined disposed:false
306 silly fetch manifest ansi-styles@^4.1.0
307 silly packumentCache full:https://registry.npmjs.org/ansi-styles cache-miss
308 http fetch GET 200 https://registry.npmjs.org/@jridgewell%2ftrace-mapping 140ms (cache miss)
309 silly packumentCache full:https://registry.npmjs.org/@jridgewell%2ftrace-mapping set size:undefined disposed:false
310 silly fetch manifest supports-color@^7.1.0
311 silly packumentCache full:https://registry.npmjs.org/supports-color cache-miss
312 http fetch GET 200 https://registry.npmjs.org/convert-source-map 170ms (cache miss)
313 silly packumentCache full:https://registry.npmjs.org/convert-source-map set size:undefined disposed:false
314 silly fetch manifest execa@^5.0.0
315 silly packumentCache full:https://registry.npmjs.org/execa cache-miss
316 http fetch GET 200 https://registry.npmjs.org/babel-plugin-istanbul 171ms (cache miss)
317 silly packumentCache full:https://registry.npmjs.org/babel-plugin-istanbul set size:undefined disposed:false
318 silly fetch manifest p-limit@^3.1.0
319 silly packumentCache full:https://registry.npmjs.org/p-limit cache-miss
320 http fetch GET 200 https://registry.npmjs.org/fast-json-stable-stringify 165ms (cache miss)
321 silly packumentCache full:https://registry.npmjs.org/fast-json-stable-stringify set size:undefined disposed:false
322 silly fetch manifest deepmerge@^4.2.2
323 silly packumentCache full:https://registry.npmjs.org/deepmerge cache-miss
324 http fetch GET 200 https://registry.npmjs.org/undici-types 156ms (cache miss)
325 silly packumentCache full:https://registry.npmjs.org/undici-types set size:undefined disposed:false
326 silly fetch manifest babel-jest@^29.7.0
327 silly packumentCache full:https://registry.npmjs.org/babel-jest cache-miss
328 http fetch GET 200 https://registry.npmjs.org/ansi-styles 157ms (cache miss)
329 silly packumentCache full:https://registry.npmjs.org/ansi-styles set size:undefined disposed:false
330 silly fetch manifest parse-json@^5.2.0
331 silly packumentCache full:https://registry.npmjs.org/parse-json cache-miss
332 http fetch GET 200 https://registry.npmjs.org/supports-color 143ms (cache miss)
333 silly packumentCache full:https://registry.npmjs.org/supports-color set size:undefined disposed:false
334 silly fetch manifest jest-circus@^29.7.0
335 silly packumentCache full:https://registry.npmjs.org/jest-circus cache-miss
336 http fetch GET 200 https://registry.npmjs.org/type-fest 202ms (cache miss)
337 silly packumentCache full:https://registry.npmjs.org/type-fest set size:undefined disposed:false
338 silly fetch manifest jest-get-type@^29.6.3
339 silly packumentCache full:https://registry.npmjs.org/jest-get-type cache-miss
340 http fetch GET 200 https://registry.npmjs.org/p-limit 153ms (cache miss)
341 silly packumentCache full:https://registry.npmjs.org/p-limit set size:undefined disposed:false
342 silly fetch manifest strip-json-comments@^3.1.1
343 silly packumentCache full:https://registry.npmjs.org/strip-json-comments cache-miss
344 http fetch GET 200 https://registry.npmjs.org/deepmerge 138ms (cache miss)
345 silly packumentCache full:https://registry.npmjs.org/deepmerge set size:undefined disposed:false
346 silly fetch manifest @jest/test-sequencer@^29.7.0
347 silly packumentCache full:https://registry.npmjs.org/@jest%2ftest-sequencer cache-miss
348 http fetch GET 200 https://registry.npmjs.org/execa 217ms (cache miss)
349 silly packumentCache full:https://registry.npmjs.org/execa set size:undefined disposed:false
350 silly fetch manifest jest-environment-node@^29.7.0
351 silly packumentCache full:https://registry.npmjs.org/jest-environment-node cache-miss
352 http fetch GET 200 https://registry.npmjs.org/parse-json 132ms (cache miss)
353 silly packumentCache full:https://registry.npmjs.org/parse-json set size:undefined disposed:false
354 silly fetch manifest walker@^1.0.8
355 silly packumentCache full:https://registry.npmjs.org/walker cache-miss
356 http fetch GET 200 https://registry.npmjs.org/strip-json-comments 97ms (cache miss)
357 silly packumentCache full:https://registry.npmjs.org/strip-json-comments set size:undefined disposed:false
358 silly fetch manifest anymatch@^3.0.3
359 silly packumentCache full:https://registry.npmjs.org/anymatch cache-miss
360 http fetch GET 200 https://registry.npmjs.org/babel-jest 205ms (cache miss)
361 silly packumentCache full:https://registry.npmjs.org/babel-jest set size:undefined disposed:false
362 silly fetch manifest fb-watchman@^2.0.0
363 silly packumentCache full:https://registry.npmjs.org/fb-watchman cache-miss
364 http fetch GET 200 https://registry.npmjs.org/jest-get-type 144ms (cache miss)
365 silly packumentCache full:https://registry.npmjs.org/jest-get-type set size:undefined disposed:false
366 silly fetch manifest @types/graceful-fs@^4.1.3
367 silly packumentCache full:https://registry.npmjs.org/@types%2fgraceful-fs cache-miss
368 http fetch GET 200 https://registry.npmjs.org/jest-circus 182ms (cache miss)
369 silly packumentCache full:https://registry.npmjs.org/jest-circus set size:undefined disposed:false
370 silly fetch manifest fsevents@^2.3.2
371 silly packumentCache full:https://registry.npmjs.org/fsevents cache-miss
372 http fetch GET 200 https://registry.npmjs.org/walker 119ms (cache miss)
373 silly packumentCache full:https://registry.npmjs.org/walker set size:undefined disposed:false
374 silly fetch manifest stack-utils@^2.0.3
375 silly packumentCache full:https://registry.npmjs.org/stack-utils cache-miss
376 http fetch GET 200 https://registry.npmjs.org/anymatch 104ms (cache miss)
377 silly packumentCache full:https://registry.npmjs.org/anymatch set size:undefined disposed:false
378 silly fetch manifest @babel/code-frame@^7.12.13
379 silly packumentCache full:https://registry.npmjs.org/@babel%2fcode-frame cache-miss
380 http fetch GET 200 https://registry.npmjs.org/fb-watchman 91ms (cache miss)
381 silly packumentCache full:https://registry.npmjs.org/fb-watchman set size:undefined disposed:false
382 silly fetch manifest @types/stack-utils@^2.0.0
383 silly packumentCache full:https://registry.npmjs.org/@types%2fstack-utils cache-miss
384 http fetch GET 200 https://registry.npmjs.org/@jest%2ftest-sequencer 192ms (cache miss)
385 silly packumentCache full:https://registry.npmjs.org/@jest%2ftest-sequencer set size:undefined disposed:false
386 silly fetch manifest resolve@^1.20.0
387 silly packumentCache full:https://registry.npmjs.org/resolve cache-miss
388 http fetch GET 200 https://registry.npmjs.org/@types%2fgraceful-fs 103ms (cache miss)
389 silly packumentCache full:https://registry.npmjs.org/@types%2fgraceful-fs set size:undefined disposed:false
390 silly fetch manifest resolve.exports@^2.0.0
391 silly packumentCache full:https://registry.npmjs.org/resolve.exports cache-miss
392 http fetch GET 200 https://registry.npmjs.org/jest-environment-node 200ms (cache miss)
393 silly packumentCache full:https://registry.npmjs.org/jest-environment-node set size:undefined disposed:false
394 silly fetch manifest jest-pnp-resolver@^1.2.2
395 silly packumentCache full:https://registry.npmjs.org/jest-pnp-resolver cache-miss
396 http fetch GET 200 https://registry.npmjs.org/fsevents 137ms (cache miss)
397 silly packumentCache full:https://registry.npmjs.org/fsevents set size:undefined disposed:false
398 silly fetch manifest emittery@^0.13.1
399 silly packumentCache full:https://registry.npmjs.org/emittery cache-miss
400 http fetch GET 200 https://registry.npmjs.org/stack-utils 179ms (cache miss)
401 silly packumentCache full:https://registry.npmjs.org/stack-utils set size:undefined disposed:false
402 silly fetch manifest jest-docblock@^29.7.0
403 silly packumentCache full:https://registry.npmjs.org/jest-docblock cache-miss
404 http fetch GET 200 https://registry.npmjs.org/@types%2fstack-utils 176ms (cache miss)
405 silly packumentCache full:https://registry.npmjs.org/@types%2fstack-utils set size:undefined disposed:false
406 silly fetch manifest @jest/environment@^29.7.0
407 silly packumentCache full:https://registry.npmjs.org/@jest%2fenvironment cache-miss
408 http fetch GET 200 https://registry.npmjs.org/@babel%2fcode-frame 191ms (cache miss)
409 silly packumentCache full:https://registry.npmjs.org/@babel%2fcode-frame set size:undefined disposed:false
410 silly fetch manifest jest-leak-detector@^29.7.0
411 silly packumentCache full:https://registry.npmjs.org/jest-leak-detector cache-miss
412 http fetch GET 200 https://registry.npmjs.org/resolve 188ms (cache miss)
413 silly packumentCache full:https://registry.npmjs.org/resolve set size:undefined disposed:false
414 silly fetch manifest source-map-support@0.5.13
415 silly packumentCache full:https://registry.npmjs.org/source-map-support cache-miss
416 http fetch GET 200 https://registry.npmjs.org/resolve.exports 187ms (cache miss)
417 silly packumentCache full:https://registry.npmjs.org/resolve.exports set size:undefined disposed:false
418 silly fetch manifest jest-mock@^29.7.0
419 silly packumentCache full:https://registry.npmjs.org/jest-mock cache-miss
420 http fetch GET 200 https://registry.npmjs.org/jest-pnp-resolver 173ms (cache miss)
421 silly packumentCache full:https://registry.npmjs.org/jest-pnp-resolver set size:undefined disposed:false
422 silly fetch manifest strip-bom@^4.0.0
423 silly packumentCache full:https://registry.npmjs.org/strip-bom cache-miss
424 http fetch GET 200 https://registry.npmjs.org/emittery 139ms (cache miss)
425 silly packumentCache full:https://registry.npmjs.org/emittery set size:undefined disposed:false
426 silly fetch manifest @jest/globals@^29.7.0
427 silly packumentCache full:https://registry.npmjs.org/@jest%2fglobals cache-miss
428 http fetch GET 200 https://registry.npmjs.org/jest-docblock 95ms (cache miss)
429 silly packumentCache full:https://registry.npmjs.org/jest-docblock set size:undefined disposed:false
430 silly fetch manifest @jest/source-map@^29.6.3
431 silly packumentCache full:https://registry.npmjs.org/@jest%2fsource-map cache-miss
432 http fetch GET 200 https://registry.npmjs.org/strip-bom 113ms (cache miss)
433 silly packumentCache full:https://registry.npmjs.org/strip-bom set size:undefined disposed:false
434 silly fetch manifest cjs-module-lexer@^1.0.0
435 silly packumentCache full:https://registry.npmjs.org/cjs-module-lexer cache-miss
436 http fetch GET 200 https://registry.npmjs.org/source-map-support 140ms (cache miss)
437 silly packumentCache full:https://registry.npmjs.org/source-map-support set size:undefined disposed:false
438 silly fetch manifest @jest/environment@^29.7.0
439 silly packumentCache full:https://registry.npmjs.org/@jest%2fenvironment cache-miss
440 http fetch GET 200 https://registry.npmjs.org/jest-leak-detector 173ms (cache miss)
441 silly packumentCache full:https://registry.npmjs.org/jest-leak-detector set size:undefined disposed:false
442 silly fetch manifest @jest/fake-timers@^29.7.0
443 silly packumentCache full:https://registry.npmjs.org/@jest%2ffake-timers cache-miss
444 http fetch GET 200 https://registry.npmjs.org/@jest%2fenvironment 202ms (cache miss)
445 silly packumentCache full:https://registry.npmjs.org/@jest%2fenvironment set size:undefined disposed:false
446 silly fetch manifest expect@^29.7.0
447 silly packumentCache full:https://registry.npmjs.org/expect cache-miss
448 http fetch GET 200 https://registry.npmjs.org/jest-mock 185ms (cache miss)
449 silly packumentCache full:https://registry.npmjs.org/jest-mock set size:undefined disposed:false
450 silly fetch manifest semver@^7.5.3
451 silly packumentCache full:https://registry.npmjs.org/semver cache-miss
452 http fetch GET 200 https://registry.npmjs.org/@jest%2fglobals 184ms (cache miss)
453 silly packumentCache full:https://registry.npmjs.org/@jest%2fglobals set size:undefined disposed:false
454 silly fetch manifest jest-diff@^29.7.0
455 silly packumentCache full:https://registry.npmjs.org/jest-diff cache-miss
456 http fetch GET 200 https://registry.npmjs.org/@jest%2fsource-map 162ms (cache miss)
457 silly packumentCache full:https://registry.npmjs.org/@jest%2fsource-map set size:undefined disposed:false
458 silly fetch manifest @babel/types@^7.3.3
459 silly packumentCache full:https://registry.npmjs.org/@babel%2ftypes cache-miss
460 http fetch GET 200 https://registry.npmjs.org/cjs-module-lexer 127ms (cache miss)
461 silly packumentCache full:https://registry.npmjs.org/cjs-module-lexer set size:undefined disposed:false
462 silly fetch manifest natural-compare@^1.4.0
463 silly packumentCache full:https://registry.npmjs.org/natural-compare cache-miss
464 http fetch GET 200 https://registry.npmjs.org/@jest%2fenvironment 149ms (cache miss)
465 silly packumentCache full:https://registry.npmjs.org/@jest%2fenvironment set size:undefined disposed:false
466 silly fetch manifest @babel/generator@^7.7.2
467 silly packumentCache full:https://registry.npmjs.org/@babel%2fgenerator cache-miss
468 http fetch GET 200 https://registry.npmjs.org/@jest%2ffake-timers 146ms (cache miss)
469 silly packumentCache full:https://registry.npmjs.org/@jest%2ffake-timers set size:undefined disposed:false
470 silly fetch manifest @jest/expect-utils@^29.7.0
471 silly packumentCache full:https://registry.npmjs.org/@jest%2fexpect-utils cache-miss
472 http fetch GET 200 https://registry.npmjs.org/semver 119ms (cache miss)
473 silly packumentCache full:https://registry.npmjs.org/semver set size:undefined disposed:false
474 silly fetch manifest jest-matcher-utils@^29.7.0
475 silly packumentCache full:https://registry.npmjs.org/jest-matcher-utils cache-miss
476 http fetch GET 200 https://registry.npmjs.org/expect 152ms (cache miss)
477 silly packumentCache full:https://registry.npmjs.org/expect set size:undefined disposed:false
478 silly fetch manifest @babel/plugin-syntax-jsx@^7.7.2
479 silly packumentCache full:https://registry.npmjs.org/@babel%2fplugin-syntax-jsx cache-miss
480 http fetch GET 200 https://registry.npmjs.org/natural-compare 107ms (cache miss)
481 silly packumentCache full:https://registry.npmjs.org/natural-compare set size:undefined disposed:false
482 silly fetch manifest @babel/plugin-syntax-typescript@^7.7.2
483 silly packumentCache full:https://registry.npmjs.org/@babel%2fplugin-syntax-typescript cache-miss
484 http fetch GET 200 https://registry.npmjs.org/@babel%2ftypes 169ms (cache miss)
485 silly packumentCache full:https://registry.npmjs.org/@babel%2ftypes set size:undefined disposed:false
486 silly fetch manifest babel-preset-current-node-syntax@^1.0.0
487 silly packumentCache full:https://registry.npmjs.org/babel-preset-current-node-syntax cache-miss
488 http fetch GET 200 https://registry.npmjs.org/@babel%2fgenerator 159ms (cache miss)
489 silly packumentCache full:https://registry.npmjs.org/@babel%2fgenerator set size:undefined disposed:false
490 silly fetch manifest picomatch@^2.2.3
491 silly packumentCache full:https://registry.npmjs.org/picomatch cache-miss
492 http fetch GET 200 https://registry.npmjs.org/jest-diff 265ms (cache miss)
493 silly packumentCache full:https://registry.npmjs.org/jest-diff set size:undefined disposed:false
494 silly fetch manifest leven@^3.1.0
495 silly packumentCache full:https://registry.npmjs.org/leven cache-miss
496 http fetch GET 200 https://registry.npmjs.org/jest-matcher-utils 166ms (cache miss)
497 silly packumentCache full:https://registry.npmjs.org/jest-matcher-utils set size:undefined disposed:false
498 silly fetch manifest camelcase@^6.2.0
499 silly packumentCache full:https://registry.npmjs.org/camelcase cache-miss
500 http fetch GET 200 https://registry.npmjs.org/@jest%2fexpect-utils 189ms (cache miss)
501 silly packumentCache full:https://registry.npmjs.org/@jest%2fexpect-utils set size:undefined disposed:false
502 silly fetch manifest braces@^3.0.3
503 silly packumentCache full:https://registry.npmjs.org/braces cache-miss
504 http fetch GET 200 https://registry.npmjs.org/babel-preset-current-node-syntax 141ms (cache miss)
505 silly packumentCache full:https://registry.npmjs.org/babel-preset-current-node-syntax set size:undefined disposed:false
506 silly fetch manifest picomatch@^2.3.1
507 silly packumentCache full:https://registry.npmjs.org/picomatch cache-miss
508 http fetch GET 200 https://registry.npmjs.org/@babel%2fplugin-syntax-jsx 214ms (cache miss)
509 silly packumentCache full:https://registry.npmjs.org/@babel%2fplugin-syntax-jsx set size:undefined disposed:false
510 silly fetch manifest react-is@^18.0.0
511 silly packumentCache full:https://registry.npmjs.org/react-is cache-miss
512 http fetch GET 200 https://registry.npmjs.org/leven 101ms (cache miss)
513 silly packumentCache full:https://registry.npmjs.org/leven set size:undefined disposed:false
514 silly fetch manifest ansi-styles@^5.0.0
515 silly packumentCache full:https://registry.npmjs.org/ansi-styles cache-miss
516 http fetch GET 200 https://registry.npmjs.org/picomatch 135ms (cache miss)
517 silly packumentCache full:https://registry.npmjs.org/picomatch set size:undefined disposed:false
518 silly fetch manifest ansi-regex@^5.0.1
519 silly packumentCache full:https://registry.npmjs.org/ansi-regex cache-miss
520 http fetch GET 200 https://registry.npmjs.org/braces 103ms (cache miss)
521 silly packumentCache full:https://registry.npmjs.org/braces set size:undefined disposed:false
522 http fetch GET 200 https://registry.npmjs.org/camelcase 118ms (cache miss)
523 silly packumentCache full:https://registry.npmjs.org/camelcase set size:undefined disposed:false
524 http fetch GET 200 https://registry.npmjs.org/ansi-styles 60ms (cache hit)
525 silly packumentCache full:https://registry.npmjs.org/ansi-styles set size:66356 disposed:false
526 http fetch GET 200 https://registry.npmjs.org/picomatch 126ms (cache miss)
527 silly packumentCache full:https://registry.npmjs.org/picomatch set size:undefined disposed:false
528 http fetch GET 200 https://registry.npmjs.org/ansi-regex 177ms (cache miss)
529 silly packumentCache full:https://registry.npmjs.org/ansi-regex set size:undefined disposed:false
530 http fetch GET 200 https://registry.npmjs.org/@babel%2fplugin-syntax-typescript 441ms (cache miss)
531 silly packumentCache full:https://registry.npmjs.org/@babel%2fplugin-syntax-typescript set size:undefined disposed:false
532 http fetch GET 200 https://registry.npmjs.org/react-is 366ms (cache miss)
533 silly packumentCache full:https://registry.npmjs.org/react-is set size:undefined disposed:false
534 silly placeDep ROOT @bcoe/v8-coverage@0.2.3 OK for: @jest/reporters@29.7.0 want: ^0.2.3
535 silly placeDep ROOT @jridgewell/trace-mapping@0.3.25 OK for: @jest/reporters@29.7.0 want: ^0.3.18
536 silly placeDep ROOT collect-v8-coverage@1.0.2 OK for: @jest/reporters@29.7.0 want: ^1.0.0
537 silly placeDep ROOT glob@7.2.3 OK for: @jest/reporters@29.7.0 want: ^7.1.3
538 silly placeDep ROOT istanbul-lib-coverage@3.2.2 OK for: @jest/reporters@29.7.0 want: ^3.0.0
539 silly placeDep ROOT istanbul-lib-instrument@6.0.3 OK for: @jest/reporters@29.7.0 want: ^6.0.0
540 silly placeDep ROOT istanbul-lib-report@3.0.1 OK for: @jest/reporters@29.7.0 want: ^3.0.0
541 silly placeDep ROOT istanbul-lib-source-maps@4.0.1 OK for: @jest/reporters@29.7.0 want: ^4.0.0
542 silly placeDep ROOT istanbul-reports@3.1.7 OK for: @jest/reporters@29.7.0 want: ^3.1.3
543 silly placeDep ROOT jest-worker@29.7.0 OK for: @jest/reporters@29.7.0 want: ^29.7.0
544 silly placeDep ROOT string-length@4.0.2 OK for: @jest/reporters@29.7.0 want: ^4.0.1
545 silly placeDep ROOT v8-to-istanbul@9.3.0 OK for: @jest/reporters@29.7.0 want: ^9.0.1
546 silly fetch manifest @jridgewell/resolve-uri@^3.1.0
547 silly packumentCache full:https://registry.npmjs.org/@jridgewell%2fresolve-uri cache-miss
548 silly fetch manifest @jridgewell/sourcemap-codec@^1.4.14
549 silly packumentCache full:https://registry.npmjs.org/@jridgewell%2fsourcemap-codec cache-miss
550 silly fetch manifest once@^1.3.0
551 silly packumentCache full:https://registry.npmjs.org/once cache-miss
552 silly fetch manifest inflight@^1.0.4
553 silly packumentCache full:https://registry.npmjs.org/inflight cache-miss
554 silly fetch manifest inherits@2
555 silly packumentCache full:https://registry.npmjs.org/inherits cache-miss
556 silly fetch manifest minimatch@^3.1.1
557 silly packumentCache full:https://registry.npmjs.org/minimatch cache-miss
558 silly fetch manifest fs.realpath@^1.0.0
559 silly packumentCache full:https://registry.npmjs.org/fs.realpath cache-miss
560 http fetch GET 200 https://registry.npmjs.org/inherits 142ms (cache miss)
561 silly packumentCache full:https://registry.npmjs.org/inherits set size:undefined disposed:false
562 silly fetch manifest path-is-absolute@^1.0.0
563 silly packumentCache full:https://registry.npmjs.org/path-is-absolute cache-miss
564 http fetch GET 200 https://registry.npmjs.org/inflight 155ms (cache miss)
565 silly packumentCache full:https://registry.npmjs.org/inflight set size:undefined disposed:false
566 silly fetch manifest @babel/core@^7.23.9
567 silly packumentCache full:https://registry.npmjs.org/@babel%2fcore cache-miss
568 http fetch GET 200 https://registry.npmjs.org/fs.realpath 152ms (cache miss)
569 silly packumentCache full:https://registry.npmjs.org/fs.realpath set size:undefined disposed:false
570 silly fetch manifest @babel/parser@^7.23.9
571 silly packumentCache full:https://registry.npmjs.org/@babel%2fparser cache-miss
572 http fetch GET 200 https://registry.npmjs.org/@jridgewell%2fsourcemap-codec 179ms (cache miss)
573 silly packumentCache full:https://registry.npmjs.org/@jridgewell%2fsourcemap-codec set size:undefined disposed:false
574 silly fetch manifest @istanbuljs/schema@^0.1.3
575 silly packumentCache full:https://registry.npmjs.org/@istanbuljs%2fschema cache-miss
576 http fetch GET 200 https://registry.npmjs.org/once 183ms (cache miss)
577 silly packumentCache full:https://registry.npmjs.org/once set size:undefined disposed:false
578 silly fetch manifest semver@^7.5.4
579 silly packumentCache full:https://registry.npmjs.org/semver cache-miss
580 http fetch GET 200 https://registry.npmjs.org/@jridgewell%2fresolve-uri 195ms (cache miss)
581 silly packumentCache full:https://registry.npmjs.org/@jridgewell%2fresolve-uri set size:undefined disposed:false
582 silly fetch manifest make-dir@^4.0.0
583 silly packumentCache full:https://registry.npmjs.org/make-dir cache-miss
584 http fetch GET 200 https://registry.npmjs.org/@babel%2fcore 60ms (cache hit)
585 silly packumentCache full:https://registry.npmjs.org/@babel%2fcore set size:699318 disposed:false
586 silly fetch manifest debug@^4.1.1
587 silly packumentCache full:https://registry.npmjs.org/debug cache-miss
588 http fetch GET 200 https://registry.npmjs.org/minimatch 237ms (cache miss)
589 silly packumentCache full:https://registry.npmjs.org/minimatch set size:undefined disposed:false
590 silly fetch manifest source-map@^0.6.1
591 silly packumentCache full:https://registry.npmjs.org/source-map cache-miss
592 http fetch GET 200 https://registry.npmjs.org/semver 87ms (cache hit)
593 silly packumentCache full:https://registry.npmjs.org/semver set size:221512 disposed:false
594 silly fetch manifest html-escaper@^2.0.0
595 silly packumentCache full:https://registry.npmjs.org/html-escaper cache-miss
596 http fetch GET 200 https://registry.npmjs.org/path-is-absolute 135ms (cache miss)
597 silly packumentCache full:https://registry.npmjs.org/path-is-absolute set size:undefined disposed:false
598 silly fetch manifest merge-stream@^2.0.0
599 silly packumentCache full:https://registry.npmjs.org/merge-stream cache-miss
600 http fetch GET 200 https://registry.npmjs.org/make-dir 190ms (cache miss)
601 silly packumentCache full:https://registry.npmjs.org/make-dir set size:undefined disposed:false
602 silly fetch manifest supports-color@^8.0.0
603 silly packumentCache full:https://registry.npmjs.org/supports-color cache-miss
604 http fetch GET 200 https://registry.npmjs.org/@istanbuljs%2fschema 230ms (cache miss)
605 silly packumentCache full:https://registry.npmjs.org/@istanbuljs%2fschema set size:undefined disposed:false
606 silly fetch manifest char-regex@^1.0.2
607 silly packumentCache full:https://registry.npmjs.org/char-regex cache-miss
608 http fetch GET 200 https://registry.npmjs.org/debug 224ms (cache miss)
609 silly packumentCache full:https://registry.npmjs.org/debug set size:undefined disposed:false
610 silly fetch manifest @types/istanbul-lib-coverage@^2.0.1
611 silly packumentCache full:https://registry.npmjs.org/@types%2fistanbul-lib-coverage cache-miss
612 http fetch GET 200 https://registry.npmjs.org/supports-color 127ms (cache hit)
613 silly packumentCache full:https://registry.npmjs.org/supports-color set size:115466 disposed:false
614 http fetch GET 200 https://registry.npmjs.org/@babel%2fparser 350ms (cache miss)
615 silly packumentCache full:https://registry.npmjs.org/@babel%2fparser set size:undefined disposed:false
616 http fetch GET 200 https://registry.npmjs.org/html-escaper 260ms (cache miss)
617 silly packumentCache full:https://registry.npmjs.org/html-escaper set size:undefined disposed:false
618 http fetch GET 200 https://registry.npmjs.org/merge-stream 249ms (cache miss)
619 silly packumentCache full:https://registry.npmjs.org/merge-stream set size:undefined disposed:false
620 http fetch GET 200 https://registry.npmjs.org/@types%2fistanbul-lib-coverage 81ms (cache hit)
621 silly packumentCache full:https://registry.npmjs.org/@types%2fistanbul-lib-coverage set size:18094 disposed:false
622 http fetch GET 200 https://registry.npmjs.org/source-map 301ms (cache miss)
623 silly packumentCache full:https://registry.npmjs.org/source-map set size:undefined disposed:false
624 http fetch GET 200 https://registry.npmjs.org/char-regex 169ms (cache miss)
625 silly packumentCache full:https://registry.npmjs.org/char-regex set size:undefined disposed:false
626 silly placeDep ROOT @types/istanbul-lib-coverage@2.0.6 OK for: @jest/test-result@29.7.0 want: ^2.0.0
627 silly placeDep ROOT @babel/core@7.26.10 OK for: @jest/transform@29.7.0 want: ^7.11.6
628 silly placeDep ROOT babel-plugin-istanbul@6.1.1 OK for: @jest/transform@29.7.0 want: ^6.1.1
629 silly placeDep ROOT convert-source-map@2.0.0 OK for: @jest/transform@29.7.0 want: ^2.0.0
630 silly placeDep ROOT fast-json-stable-stringify@2.1.0 OK for: @jest/transform@29.7.0 want: ^2.1.0
631 silly placeDep ROOT pirates@4.0.6 OK for: @jest/transform@29.7.0 want: ^4.0.4
632 silly placeDep ROOT write-file-atomic@4.0.2 OK for: @jest/transform@29.7.0 want: ^4.0.2
633 silly fetch manifest debug@^4.1.0
634 silly packumentCache full:https://registry.npmjs.org/debug cache-miss
635 silly fetch manifest json5@^2.2.3
636 silly packumentCache full:https://registry.npmjs.org/json5 cache-miss
637 silly fetch manifest semver@^6.3.1
638 silly packumentCache full:https://registry.npmjs.org/semver cache-hit
639 silly fetch manifest gensync@^1.0.0-beta.2
640 silly packumentCache full:https://registry.npmjs.org/gensync cache-miss
641 silly fetch manifest @babel/types@^7.26.10
642 silly packumentCache full:https://registry.npmjs.org/@babel%2ftypes cache-miss
643 silly fetch manifest @babel/parser@^7.26.10
644 silly packumentCache full:https://registry.npmjs.org/@babel%2fparser cache-miss
645 silly fetch manifest @babel/helpers@^7.26.10
646 silly packumentCache full:https://registry.npmjs.org/@babel%2fhelpers cache-miss
647 silly fetch manifest @babel/template@^7.26.9
648 silly packumentCache full:https://registry.npmjs.org/@babel%2ftemplate cache-miss
649 http fetch GET 200 https://registry.npmjs.org/@babel%2fparser 45ms (cache hit)
650 silly packumentCache full:https://registry.npmjs.org/@babel%2fparser set size:670111 disposed:false
651 silly fetch manifest @babel/traverse@^7.26.10
652 silly packumentCache full:https://registry.npmjs.org/@babel%2ftraverse cache-miss
653 http fetch GET 200 https://registry.npmjs.org/debug 108ms (cache hit)
654 silly packumentCache full:https://registry.npmjs.org/debug set size:191220 disposed:false
655 silly fetch manifest @babel/generator@^7.26.10
656 silly packumentCache full:https://registry.npmjs.org/@babel%2fgenerator cache-miss
657 http fetch GET 200 https://registry.npmjs.org/@babel%2ftypes 122ms (cache hit)
658 silly packumentCache full:https://registry.npmjs.org/@babel%2ftypes set size:448732 disposed:false
659 silly fetch manifest @babel/code-frame@^7.26.2
660 silly packumentCache full:https://registry.npmjs.org/@babel%2fcode-frame cache-miss
661 http fetch GET 200 https://registry.npmjs.org/gensync 179ms (cache miss)
662 silly packumentCache full:https://registry.npmjs.org/gensync set size:undefined disposed:false
663 silly fetch manifest @ampproject/remapping@^2.2.0
664 silly packumentCache full:https://registry.npmjs.org/@ampproject%2fremapping cache-miss
665 http fetch GET 200 https://registry.npmjs.org/@babel%2fgenerator 89ms (cache hit)
666 silly packumentCache full:https://registry.npmjs.org/@babel%2fgenerator set size:469913 disposed:false
667 silly fetch manifest @babel/helper-module-transforms@^7.26.0
668 silly packumentCache full:https://registry.npmjs.org/@babel%2fhelper-module-transforms cache-miss
669 http fetch GET 200 https://registry.npmjs.org/@babel%2fcode-frame 71ms (cache hit)
670 silly packumentCache full:https://registry.npmjs.org/@babel%2fcode-frame set size:174688 disposed:false
671 silly fetch manifest @babel/helper-compilation-targets@^7.26.5
672 silly packumentCache full:https://registry.npmjs.org/@babel%2fhelper-compilation-targets cache-miss
673 http fetch GET 200 https://registry.npmjs.org/json5 244ms (cache miss)
674 silly packumentCache full:https://registry.npmjs.org/json5 set size:undefined disposed:false
675 silly fetch manifest test-exclude@^6.0.0
676 silly packumentCache full:https://registry.npmjs.org/test-exclude cache-miss
677 http fetch GET 200 https://registry.npmjs.org/@babel%2ftemplate 289ms (cache miss)
678 silly packumentCache full:https://registry.npmjs.org/@babel%2ftemplate set size:undefined disposed:false
679 silly fetch manifest @istanbuljs/schema@^0.1.2
680 silly packumentCache full:https://registry.npmjs.org/@istanbuljs%2fschema cache-miss
681 http fetch GET 200 https://registry.npmjs.org/@babel%2fhelpers 305ms (cache miss)
682 silly packumentCache full:https://registry.npmjs.org/@babel%2fhelpers set size:undefined disposed:false
683 silly fetch manifest istanbul-lib-instrument@^5.0.4
684 silly packumentCache full:https://registry.npmjs.org/istanbul-lib-instrument cache-miss
685 http fetch GET 200 https://registry.npmjs.org/@ampproject%2fremapping 156ms (cache miss)
686 silly packumentCache full:https://registry.npmjs.org/@ampproject%2fremapping set size:undefined disposed:false
687 silly fetch manifest @babel/helper-plugin-utils@^7.0.0
688 silly packumentCache full:https://registry.npmjs.org/@babel%2fhelper-plugin-utils cache-miss
689 http fetch GET 200 https://registry.npmjs.org/@babel%2ftraverse 281ms (cache miss)
690 silly packumentCache full:https://registry.npmjs.org/@babel%2ftraverse set size:undefined disposed:false
691 silly fetch manifest @istanbuljs/load-nyc-config@^1.0.0
692 silly packumentCache full:https://registry.npmjs.org/@istanbuljs%2fload-nyc-config cache-miss
693 http fetch GET 200 https://registry.npmjs.org/@istanbuljs%2fschema 54ms (cache hit)
694 silly packumentCache full:https://registry.npmjs.org/@istanbuljs%2fschema set size:12737 disposed:false
695 silly fetch manifest imurmurhash@^0.1.4
696 silly packumentCache full:https://registry.npmjs.org/imurmurhash cache-miss
697 http fetch GET 200 https://registry.npmjs.org/test-exclude 123ms (cache miss)
698 silly packumentCache full:https://registry.npmjs.org/test-exclude set size:undefined disposed:false
699 silly fetch manifest signal-exit@^3.0.7
700 silly packumentCache full:https://registry.npmjs.org/signal-exit cache-miss
701 http fetch GET 200 https://registry.npmjs.org/istanbul-lib-instrument 52ms (cache hit)
702 silly packumentCache full:https://registry.npmjs.org/istanbul-lib-instrument set size:219175 disposed:false
703 http fetch GET 200 https://registry.npmjs.org/@babel%2fhelper-compilation-targets 160ms (cache miss)
704 silly packumentCache full:https://registry.npmjs.org/@babel%2fhelper-compilation-targets set size:undefined disposed:false
705 http fetch GET 200 https://registry.npmjs.org/@babel%2fhelper-module-transforms 181ms (cache miss)
706 silly packumentCache full:https://registry.npmjs.org/@babel%2fhelper-module-transforms set size:undefined disposed:false
707 http fetch GET 200 https://registry.npmjs.org/@babel%2fhelper-plugin-utils 80ms (cache miss)
708 silly packumentCache full:https://registry.npmjs.org/@babel%2fhelper-plugin-utils set size:undefined disposed:false
709 http fetch GET 200 https://registry.npmjs.org/imurmurhash 79ms (cache miss)
710 silly packumentCache full:https://registry.npmjs.org/imurmurhash set size:undefined disposed:false
711 http fetch GET 200 https://registry.npmjs.org/signal-exit 90ms (cache miss)
712 silly packumentCache full:https://registry.npmjs.org/signal-exit set size:undefined disposed:false
713 http fetch GET 200 https://registry.npmjs.org/@istanbuljs%2fload-nyc-config 116ms (cache miss)
714 silly packumentCache full:https://registry.npmjs.org/@istanbuljs%2fload-nyc-config set size:undefined disposed:false
715 silly fetch manifest @babel/core@^7.0.0
716 silly packumentCache full:https://registry.npmjs.org/@babel%2fcore cache-hit
717 silly placeDep ROOT @ampproject/remapping@2.3.0 OK for: @babel/core@7.26.10 want: ^2.2.0
718 silly placeDep ROOT @babel/code-frame@7.26.2 OK for: @babel/core@7.26.10 want: ^7.26.2
719 silly placeDep ROOT @babel/generator@7.26.10 OK for: @babel/core@7.26.10 want: ^7.26.10
720 silly placeDep ROOT @babel/helper-compilation-targets@7.26.5 OK for: @babel/core@7.26.10 want: ^7.26.5
721 silly placeDep ROOT @babel/helper-module-transforms@7.26.0 OK for: @babel/core@7.26.10 want: ^7.26.0
722 silly placeDep ROOT @babel/helpers@7.26.10 OK for: @babel/core@7.26.10 want: ^7.26.10
723 silly placeDep ROOT @babel/parser@7.26.10 OK for: @babel/core@7.26.10 want: ^7.26.10
724 silly placeDep ROOT @babel/template@7.26.9 OK for: @babel/core@7.26.10 want: ^7.26.9
725 silly placeDep ROOT @babel/traverse@7.26.10 OK for: @babel/core@7.26.10 want: ^7.26.10
726 silly placeDep ROOT @babel/types@7.26.10 OK for: @babel/core@7.26.10 want: ^7.26.10
727 silly placeDep ROOT debug@4.4.0 OK for: @babel/core@7.26.10 want: ^4.1.0
728 silly placeDep ROOT gensync@1.0.0-beta.2 OK for: @babel/core@7.26.10 want: ^1.0.0-beta.2
729 silly placeDep ROOT json5@2.2.3 OK for: @babel/core@7.26.10 want: ^2.2.3
730 silly placeDep ROOT semver@6.3.1 OK for: @babel/core@7.26.10 want: ^6.3.1
731 silly fetch manifest @jridgewell/gen-mapping@^0.3.5
732 silly packumentCache full:https://registry.npmjs.org/@jridgewell%2fgen-mapping cache-miss
733 silly fetch manifest js-tokens@^4.0.0
734 silly packumentCache full:https://registry.npmjs.org/js-tokens cache-miss
735 silly fetch manifest picocolors@^1.0.0
736 silly packumentCache full:https://registry.npmjs.org/picocolors cache-miss
737 silly fetch manifest @babel/helper-validator-identifier@^7.25.9
738 silly packumentCache full:https://registry.npmjs.org/@babel%2fhelper-validator-identifier cache-miss
739 silly fetch manifest jsesc@^3.0.2
740 silly packumentCache full:https://registry.npmjs.org/jsesc cache-miss
741 silly fetch manifest @jridgewell/gen-mapping@^0.3.5
742 silly packumentCache full:https://registry.npmjs.org/@jridgewell%2fgen-mapping cache-miss
743 silly fetch manifest lru-cache@^5.1.1
744 silly packumentCache full:https://registry.npmjs.org/lru-cache cache-miss
745 http fetch GET 200 https://registry.npmjs.org/picocolors 169ms (cache miss)
746 silly packumentCache full:https://registry.npmjs.org/picocolors set size:undefined disposed:false
747 silly fetch manifest browserslist@^4.24.0
748 silly packumentCache full:https://registry.npmjs.org/browserslist cache-miss
749 http fetch GET 200 https://registry.npmjs.org/js-tokens 182ms (cache miss)
750 silly packumentCache full:https://registry.npmjs.org/js-tokens set size:undefined disposed:false
751 silly fetch manifest @babel/compat-data@^7.26.5
752 silly packumentCache full:https://registry.npmjs.org/@babel%2fcompat-data cache-miss
753 http fetch GET 200 https://registry.npmjs.org/@jridgewell%2fgen-mapping 202ms (cache miss)
754 silly packumentCache full:https://registry.npmjs.org/@jridgewell%2fgen-mapping set size:undefined disposed:false
755 silly fetch manifest @babel/helper-validator-option@^7.25.9
756 silly packumentCache full:https://registry.npmjs.org/@babel%2fhelper-validator-option cache-miss
757 http fetch GET 200 https://registry.npmjs.org/@jridgewell%2fgen-mapping 198ms (cache miss)
758 silly packumentCache full:https://registry.npmjs.org/@jridgewell%2fgen-mapping set size:undefined disposed:false
759 silly fetch manifest @babel/traverse@^7.25.9
760 silly packumentCache full:https://registry.npmjs.org/@babel%2ftraverse cache-miss
761 http fetch GET 200 https://registry.npmjs.org/jsesc 216ms (cache miss)
762 silly packumentCache full:https://registry.npmjs.org/jsesc set size:undefined disposed:false
763 silly fetch manifest @babel/helper-module-imports@^7.25.9
764 silly packumentCache full:https://registry.npmjs.org/@babel%2fhelper-module-imports cache-miss
765 http fetch GET 200 https://registry.npmjs.org/@babel%2ftraverse 23ms (cache hit)
766 silly packumentCache full:https://registry.npmjs.org/@babel%2ftraverse set size:509164 disposed:false
767 silly fetch manifest @babel/helper-validator-identifier@^7.25.9
768 silly packumentCache full:https://registry.npmjs.org/@babel%2fhelper-validator-identifier cache-miss
769 http fetch GET 200 https://registry.npmjs.org/@babel%2fhelper-validator-option 130ms (cache miss)
770 silly packumentCache full:https://registry.npmjs.org/@babel%2fhelper-validator-option set size:undefined disposed:false
771 silly fetch manifest @babel/types@^7.26.9
772 silly packumentCache full:https://registry.npmjs.org/@babel%2ftypes cache-hit
773 silly fetch manifest debug@^4.3.1
774 silly packumentCache full:https://registry.npmjs.org/debug cache-hit
775 silly fetch manifest globals@^11.1.0
776 silly packumentCache full:https://registry.npmjs.org/globals cache-miss
777 http fetch GET 200 https://registry.npmjs.org/@babel%2fcompat-data 167ms (cache miss)
778 silly packumentCache full:https://registry.npmjs.org/@babel%2fcompat-data set size:undefined disposed:false
779 silly fetch manifest @babel/helper-string-parser@^7.25.9
780 silly packumentCache full:https://registry.npmjs.org/@babel%2fhelper-string-parser cache-miss
781 http fetch GET 200 https://registry.npmjs.org/@babel%2fhelper-module-imports 139ms (cache miss)
782 silly packumentCache full:https://registry.npmjs.org/@babel%2fhelper-module-imports set size:undefined disposed:false
783 silly fetch manifest @babel/helper-validator-identifier@^7.25.9
784 silly packumentCache full:https://registry.npmjs.org/@babel%2fhelper-validator-identifier cache-miss
785 http fetch GET 200 https://registry.npmjs.org/@babel%2fhelper-validator-identifier 371ms (cache miss)
786 silly packumentCache full:https://registry.npmjs.org/@babel%2fhelper-validator-identifier set size:undefined disposed:false
787 silly fetch manifest ms@^2.1.3
788 silly packumentCache full:https://registry.npmjs.org/ms cache-miss
789 http fetch GET 200 https://registry.npmjs.org/browserslist 209ms (cache miss)
790 silly packumentCache full:https://registry.npmjs.org/browserslist set size:undefined disposed:false
791 http fetch GET 200 https://registry.npmjs.org/@babel%2fhelper-validator-identifier 161ms (cache miss)
792 silly packumentCache full:https://registry.npmjs.org/@babel%2fhelper-validator-identifier set size:undefined disposed:false
793 http fetch GET 200 https://registry.npmjs.org/globals 85ms (cache miss)
794 silly packumentCache full:https://registry.npmjs.org/globals set size:undefined disposed:false
795 http fetch GET 200 https://registry.npmjs.org/@babel%2fhelper-string-parser 98ms (cache miss)
796 silly packumentCache full:https://registry.npmjs.org/@babel%2fhelper-string-parser set size:undefined disposed:false
797 http fetch GET 200 https://registry.npmjs.org/@babel%2fhelper-validator-identifier 94ms (cache miss)
798 silly packumentCache full:https://registry.npmjs.org/@babel%2fhelper-validator-identifier set size:undefined disposed:false
799 http fetch GET 200 https://registry.npmjs.org/ms 90ms (cache miss)
800 silly packumentCache full:https://registry.npmjs.org/ms set size:undefined disposed:false
801 http fetch GET 200 https://registry.npmjs.org/lru-cache 504ms (cache miss)
802 silly packumentCache full:https://registry.npmjs.org/lru-cache set size:undefined disposed:false
803 silly placeDep ROOT @jridgewell/gen-mapping@0.3.8 OK for: @ampproject/remapping@2.3.0 want: ^0.3.5
804 silly fetch manifest @jridgewell/set-array@^1.2.1
805 silly packumentCache full:https://registry.npmjs.org/@jridgewell%2fset-array cache-miss
806 silly fetch manifest @jridgewell/sourcemap-codec@^1.4.10
807 silly packumentCache full:https://registry.npmjs.org/@jridgewell%2fsourcemap-codec cache-miss
808 http fetch GET 200 https://registry.npmjs.org/@jridgewell%2fsourcemap-codec 16ms (cache hit)
809 silly packumentCache full:https://registry.npmjs.org/@jridgewell%2fsourcemap-codec set size:54548 disposed:false
810 http fetch GET 200 https://registry.npmjs.org/@jridgewell%2fset-array 95ms (cache miss)
811 silly packumentCache full:https://registry.npmjs.org/@jridgewell%2fset-array set size:undefined disposed:false
812 silly placeDep ROOT @babel/helper-validator-identifier@7.25.9 OK for: @babel/code-frame@7.26.2 want: ^7.25.9
813 silly placeDep ROOT js-tokens@4.0.0 OK for: @babel/code-frame@7.26.2 want: ^4.0.0
814 silly placeDep ROOT picocolors@1.1.1 OK for: @babel/code-frame@7.26.2 want: ^1.0.0
815 silly placeDep ROOT jsesc@3.1.0 OK for: @babel/generator@7.26.10 want: ^3.0.2
816 silly placeDep ROOT @babel/compat-data@7.26.8 OK for: @babel/helper-compilation-targets@7.26.5 want: ^7.26.5
817 silly placeDep ROOT @babel/helper-validator-option@7.25.9 OK for: @babel/helper-compilation-targets@7.26.5 want: ^7.25.9
818 silly placeDep ROOT browserslist@4.24.4 OK for: @babel/helper-compilation-targets@7.26.5 want: ^4.24.0
819 silly placeDep ROOT lru-cache@5.1.1 OK for: @babel/helper-compilation-targets@7.26.5 want: ^5.1.1
820 silly fetch manifest caniuse-lite@^1.0.30001688
821 silly packumentCache full:https://registry.npmjs.org/caniuse-lite cache-miss
822 silly fetch manifest electron-to-chromium@^1.5.73
823 silly packumentCache full:https://registry.npmjs.org/electron-to-chromium cache-miss
824 silly fetch manifest node-releases@^2.0.19
825 silly packumentCache full:https://registry.npmjs.org/node-releases cache-miss
826 silly fetch manifest update-browserslist-db@^1.1.1
827 silly packumentCache full:https://registry.npmjs.org/update-browserslist-db cache-miss
828 silly fetch manifest yallist@^3.0.2
829 silly packumentCache full:https://registry.npmjs.org/yallist cache-miss
830 http fetch GET 200 https://registry.npmjs.org/node-releases 91ms (cache miss)
831 silly packumentCache full:https://registry.npmjs.org/node-releases set size:undefined disposed:false
832 http fetch GET 200 https://registry.npmjs.org/update-browserslist-db 121ms (cache miss)
833 silly packumentCache full:https://registry.npmjs.org/update-browserslist-db set size:undefined disposed:false
834 http fetch GET 200 https://registry.npmjs.org/yallist 254ms (cache miss)
835 silly packumentCache full:https://registry.npmjs.org/yallist set size:undefined disposed:false
836 http fetch GET 200 https://registry.npmjs.org/caniuse-lite 376ms (cache miss)
837 silly packumentCache full:https://registry.npmjs.org/caniuse-lite set size:undefined disposed:false
838 http fetch GET 200 https://registry.npmjs.org/electron-to-chromium 566ms (cache miss)
839 silly packumentCache full:https://registry.npmjs.org/electron-to-chromium set size:undefined disposed:false
840 silly placeDep ROOT @babel/helper-module-imports@7.25.9 OK for: @babel/helper-module-transforms@7.26.0 want: ^7.25.9
841 silly placeDep ROOT globals@11.12.0 OK for: @babel/traverse@7.26.10 want: ^11.1.0
842 silly placeDep ROOT @babel/helper-string-parser@7.25.9 OK for: @babel/types@7.26.10 want: ^7.25.9
843 silly placeDep ROOT @jest/schemas@29.6.3 OK for: @jest/types@29.6.3 want: ^29.6.3
844 silly placeDep ROOT @types/istanbul-reports@3.0.4 OK for: @jest/types@29.6.3 want: ^3.0.0
845 silly placeDep ROOT @types/yargs@17.0.33 OK for: @jest/types@29.6.3 want: ^17.0.8
846 silly fetch manifest @sinclair/typebox@^0.27.8
847 silly packumentCache full:https://registry.npmjs.org/@sinclair%2ftypebox cache-miss
848 silly fetch manifest @types/istanbul-lib-report@*
849 silly packumentCache full:https://registry.npmjs.org/@types%2fistanbul-lib-report cache-miss
850 silly fetch manifest @types/yargs-parser@*
851 silly packumentCache full:https://registry.npmjs.org/@types%2fyargs-parser cache-miss
852 http fetch GET 200 https://registry.npmjs.org/@types%2fyargs-parser 93ms (cache miss)
853 silly packumentCache full:https://registry.npmjs.org/@types%2fyargs-parser set size:undefined disposed:false
854 http fetch GET 200 https://registry.npmjs.org/@types%2fistanbul-lib-report 153ms (cache miss)
855 silly packumentCache full:https://registry.npmjs.org/@types%2fistanbul-lib-report set size:undefined disposed:false
856 http fetch GET 200 https://registry.npmjs.org/@sinclair%2ftypebox 191ms (cache miss)
857 silly packumentCache full:https://registry.npmjs.org/@sinclair%2ftypebox set size:undefined disposed:false
858 silly placeDep ROOT @sinclair/typebox@0.27.8 OK for: @jest/schemas@29.6.3 want: ^0.27.8
859 silly placeDep ROOT @jridgewell/set-array@1.2.1 OK for: @jridgewell/gen-mapping@0.3.8 want: ^1.2.1
860 silly placeDep ROOT @jridgewell/sourcemap-codec@1.5.0 OK for: @jridgewell/gen-mapping@0.3.8 want: ^1.4.10
861 silly placeDep ROOT @jridgewell/resolve-uri@3.1.2 OK for: @jridgewell/trace-mapping@0.3.25 want: ^3.1.0
862 silly placeDep ROOT @types/istanbul-lib-report@3.0.3 OK for: @types/istanbul-reports@3.0.4 want: *
863 silly placeDep ROOT undici-types@6.20.0 OK for: @types/node@22.13.10 want: ~6.20.0
864 silly placeDep ROOT @types/yargs-parser@21.0.3 OK for: @types/yargs@17.0.33 want: *
865 silly placeDep ROOT type-fest@0.21.3 OK for: ansi-escapes@4.3.2 want: ^0.21.3
866 silly placeDep ROOT @babel/helper-plugin-utils@7.26.5 OK for: babel-plugin-istanbul@6.1.1 want: ^7.0.0
867 silly placeDep ROOT @istanbuljs/load-nyc-config@1.1.0 OK for: babel-plugin-istanbul@6.1.1 want: ^1.0.0
868 silly placeDep ROOT @istanbuljs/schema@0.1.3 OK for: babel-plugin-istanbul@6.1.1 want: ^0.1.2
869 silly placeDep node_modules/babel-plugin-istanbul istanbul-lib-instrument@5.2.1 OK for: babel-plugin-istanbul@6.1.1 want: ^5.0.4
870 silly placeDep ROOT test-exclude@6.0.0 OK for: babel-plugin-istanbul@6.1.1 want: ^6.0.0
871 silly fetch manifest camelcase@^5.3.1
872 silly packumentCache full:https://registry.npmjs.org/camelcase cache-miss
873 silly fetch manifest find-up@^4.1.0
874 silly packumentCache full:https://registry.npmjs.org/find-up cache-miss
875 silly fetch manifest get-package-type@^0.1.0
876 silly packumentCache full:https://registry.npmjs.org/get-package-type cache-miss
877 silly fetch manifest js-yaml@^3.13.1
878 silly packumentCache full:https://registry.npmjs.org/js-yaml cache-miss
879 silly fetch manifest resolve-from@^5.0.0
880 silly packumentCache full:https://registry.npmjs.org/resolve-from cache-miss
881 silly fetch manifest minimatch@^3.0.4
882 silly packumentCache full:https://registry.npmjs.org/minimatch cache-miss
883 http fetch GET 200 https://registry.npmjs.org/camelcase 26ms (cache hit)
884 silly packumentCache full:https://registry.npmjs.org/camelcase set size:57059 disposed:false
885 http fetch GET 200 https://registry.npmjs.org/minimatch 24ms (cache hit)
886 silly packumentCache full:https://registry.npmjs.org/minimatch set size:398328 disposed:false
887 http fetch GET 200 https://registry.npmjs.org/find-up 59ms (cache miss)
888 silly packumentCache full:https://registry.npmjs.org/find-up set size:undefined disposed:false
889 http fetch GET 200 https://registry.npmjs.org/get-package-type 86ms (cache miss)
890 silly packumentCache full:https://registry.npmjs.org/get-package-type set size:undefined disposed:false
891 http fetch GET 200 https://registry.npmjs.org/js-yaml 93ms (cache miss)
892 silly packumentCache full:https://registry.npmjs.org/js-yaml set size:undefined disposed:false
893 http fetch GET 200 https://registry.npmjs.org/resolve-from 112ms (cache miss)
894 silly packumentCache full:https://registry.npmjs.org/resolve-from set size:undefined disposed:false
895 silly placeDep ROOT camelcase@5.3.1 OK for: @istanbuljs/load-nyc-config@1.1.0 want: ^5.3.1
896 silly placeDep ROOT find-up@4.1.0 OK for: @istanbuljs/load-nyc-config@1.1.0 want: ^4.1.0
897 silly placeDep ROOT get-package-type@0.1.0 OK for: @istanbuljs/load-nyc-config@1.1.0 want: ^0.1.0
898 silly placeDep ROOT js-yaml@3.14.1 OK for: @istanbuljs/load-nyc-config@1.1.0 want: ^3.13.1
899 silly placeDep ROOT resolve-from@5.0.0 OK for: @istanbuljs/load-nyc-config@1.1.0 want: ^5.0.0
900 silly fetch manifest locate-path@^5.0.0
901 silly packumentCache full:https://registry.npmjs.org/locate-path cache-miss
902 silly fetch manifest path-exists@^4.0.0
903 silly packumentCache full:https://registry.npmjs.org/path-exists cache-miss
904 silly fetch manifest argparse@^1.0.7
905 silly packumentCache full:https://registry.npmjs.org/argparse cache-miss
906 silly fetch manifest esprima@^4.0.0
907 silly packumentCache full:https://registry.npmjs.org/esprima cache-miss
908 http fetch GET 200 https://registry.npmjs.org/locate-path 80ms (cache miss)
909 silly packumentCache full:https://registry.npmjs.org/locate-path set size:undefined disposed:false
910 http fetch GET 200 https://registry.npmjs.org/argparse 79ms (cache miss)
911 silly packumentCache full:https://registry.npmjs.org/argparse set size:undefined disposed:false
912 http fetch GET 200 https://registry.npmjs.org/path-exists 89ms (cache miss)
913 silly packumentCache full:https://registry.npmjs.org/path-exists set size:undefined disposed:false
914 http fetch GET 200 https://registry.npmjs.org/esprima 94ms (cache miss)
915 silly packumentCache full:https://registry.npmjs.org/esprima set size:undefined disposed:false
916 silly fetch manifest browserslist@>= 4.21.0
917 silly packumentCache full:https://registry.npmjs.org/browserslist cache-miss
918 http fetch GET 200 https://registry.npmjs.org/browserslist 10ms (cache hit)
919 silly packumentCache full:https://registry.npmjs.org/browserslist set size:476941 disposed:false
920 silly placeDep ROOT caniuse-lite@1.0.30001704 OK for: browserslist@4.24.4 want: ^1.0.30001688
921 silly placeDep ROOT electron-to-chromium@1.5.118 OK for: browserslist@4.24.4 want: ^1.5.73
922 silly placeDep ROOT node-releases@2.0.19 OK for: browserslist@4.24.4 want: ^2.0.19
923 silly placeDep ROOT update-browserslist-db@1.1.3 OK for: browserslist@4.24.4 want: ^1.1.1
924 silly fetch manifest escalade@^3.2.0
925 silly packumentCache full:https://registry.npmjs.org/escalade cache-miss
926 http fetch GET 200 https://registry.npmjs.org/escalade 106ms (cache miss)
927 silly packumentCache full:https://registry.npmjs.org/escalade set size:undefined disposed:false
928 silly placeDep ROOT ansi-styles@4.3.0 OK for: chalk@4.1.2 want: ^4.1.0
929 silly placeDep ROOT supports-color@7.2.0 OK for: chalk@4.1.2 want: ^7.1.0
930 silly fetch manifest color-convert@^2.0.1
931 silly packumentCache full:https://registry.npmjs.org/color-convert cache-miss
932 silly fetch manifest has-flag@^4.0.0
933 silly packumentCache full:https://registry.npmjs.org/has-flag cache-miss
934 http fetch GET 200 https://registry.npmjs.org/color-convert 67ms (cache miss)
935 silly packumentCache full:https://registry.npmjs.org/color-convert set size:undefined disposed:false
936 http fetch GET 200 https://registry.npmjs.org/has-flag 112ms (cache miss)
937 silly packumentCache full:https://registry.npmjs.org/has-flag set size:undefined disposed:false
938 silly placeDep ROOT color-convert@2.0.1 OK for: ansi-styles@4.3.0 want: ^2.0.1
939 silly fetch manifest color-name@~1.1.4
940 silly packumentCache full:https://registry.npmjs.org/color-name cache-miss
941 http fetch GET 200 https://registry.npmjs.org/color-name 76ms (cache miss)
942 silly packumentCache full:https://registry.npmjs.org/color-name set size:undefined disposed:false
943 silly placeDep ROOT color-name@1.1.4 OK for: color-convert@2.0.1 want: ~1.1.4
944 silly placeDep ROOT ms@2.1.3 OK for: debug@4.4.0 want: ^2.1.3
945 silly placeDep ROOT locate-path@5.0.0 OK for: find-up@4.1.0 want: ^5.0.0
946 silly placeDep ROOT path-exists@4.0.0 OK for: find-up@4.1.0 want: ^4.0.0
947 silly fetch manifest p-locate@^4.1.0
948 silly packumentCache full:https://registry.npmjs.org/p-locate cache-miss
949 http fetch GET 200 https://registry.npmjs.org/p-locate 81ms (cache miss)
950 silly packumentCache full:https://registry.npmjs.org/p-locate set size:undefined disposed:false
951 silly placeDep ROOT fs.realpath@1.0.0 OK for: glob@7.2.3 want: ^1.0.0
952 silly placeDep ROOT inflight@1.0.6 OK for: glob@7.2.3 want: ^1.0.4
953 silly placeDep ROOT inherits@2.0.4 OK for: glob@7.2.3 want: 2
954 silly placeDep ROOT minimatch@3.1.2 OK for: glob@7.2.3 want: ^3.1.1
955 silly placeDep ROOT once@1.4.0 OK for: glob@7.2.3 want: ^1.3.0
956 silly placeDep ROOT path-is-absolute@1.0.1 OK for: glob@7.2.3 want: ^1.0.0
957 silly fetch manifest wrappy@1
958 silly packumentCache full:https://registry.npmjs.org/wrappy cache-miss
959 silly fetch manifest brace-expansion@^1.1.7
960 silly packumentCache full:https://registry.npmjs.org/brace-expansion cache-miss
961 silly fetch manifest wrappy@1
962 silly packumentCache full:https://registry.npmjs.org/wrappy cache-miss
963 http fetch GET 200 https://registry.npmjs.org/wrappy 87ms (cache miss)
964 silly packumentCache full:https://registry.npmjs.org/wrappy set size:undefined disposed:false
965 http fetch GET 200 https://registry.npmjs.org/wrappy 84ms (cache miss)
966 silly packumentCache full:https://registry.npmjs.org/wrappy set size:undefined disposed:false
967 http fetch GET 200 https://registry.npmjs.org/brace-expansion 87ms (cache miss)
968 silly packumentCache full:https://registry.npmjs.org/brace-expansion set size:undefined disposed:false
969 silly placeDep ROOT pkg-dir@4.2.0 OK for: import-local@3.2.0 want: ^4.2.0
970 silly placeDep ROOT resolve-cwd@3.0.0 OK for: import-local@3.2.0 want: ^3.0.0
971 silly placeDep ROOT wrappy@1.0.2 OK for: inflight@1.0.6 want: 1
972 silly placeDep node_modules/istanbul-lib-instrument semver@7.7.1 OK for: istanbul-lib-instrument@6.0.3 want: ^7.5.4
973 silly placeDep ROOT make-dir@4.0.0 OK for: istanbul-lib-report@3.0.1 want: ^4.0.0
974 silly placeDep ROOT source-map@0.6.1 OK for: istanbul-lib-source-maps@4.0.1 want: ^0.6.1
975 silly placeDep ROOT html-escaper@2.0.2 OK for: istanbul-reports@3.1.7 want: ^2.0.0
976 silly placeDep ROOT execa@5.1.1 OK for: jest-changed-files@29.7.0 want: ^5.0.0
977 silly placeDep ROOT p-limit@3.1.0 OK for: jest-changed-files@29.7.0 want: ^3.1.0
978 silly fetch manifest onetime@^5.1.2
979 silly packumentCache full:https://registry.npmjs.org/onetime cache-miss
980 silly fetch manifest is-stream@^2.0.0
981 silly packumentCache full:https://registry.npmjs.org/is-stream cache-miss
982 silly fetch manifest get-stream@^6.0.0
983 silly packumentCache full:https://registry.npmjs.org/get-stream cache-miss
984 silly fetch manifest cross-spawn@^7.0.3
985 silly packumentCache full:https://registry.npmjs.org/cross-spawn cache-miss
986 silly fetch manifest signal-exit@^3.0.3
987 silly packumentCache full:https://registry.npmjs.org/signal-exit cache-miss
988 silly fetch manifest npm-run-path@^4.0.1
989 silly packumentCache full:https://registry.npmjs.org/npm-run-path cache-miss
990 silly fetch manifest human-signals@^2.1.0
991 silly packumentCache full:https://registry.npmjs.org/human-signals cache-miss
992 http fetch GET 200 https://registry.npmjs.org/signal-exit 45ms (cache hit)
993 silly packumentCache full:https://registry.npmjs.org/signal-exit set size:53489 disposed:false
994 silly fetch manifest strip-final-newline@^2.0.0
995 silly packumentCache full:https://registry.npmjs.org/strip-final-newline cache-miss
996 http fetch GET 200 https://registry.npmjs.org/get-stream 106ms (cache miss)
997 silly packumentCache full:https://registry.npmjs.org/get-stream set size:undefined disposed:false
998 silly fetch manifest yocto-queue@^0.1.0
999 silly packumentCache full:https://registry.npmjs.org/yocto-queue cache-miss
1000 http fetch GET 200 https://registry.npmjs.org/npm-run-path 121ms (cache miss)
1001 silly packumentCache full:https://registry.npmjs.org/npm-run-path set size:undefined disposed:false
1002 http fetch GET 200 https://registry.npmjs.org/onetime 130ms (cache miss)
1003 silly packumentCache full:https://registry.npmjs.org/onetime set size:undefined disposed:false
1004 http fetch GET 200 https://registry.npmjs.org/human-signals 122ms (cache miss)
1005 silly packumentCache full:https://registry.npmjs.org/human-signals set size:undefined disposed:false
1006 http fetch GET 200 https://registry.npmjs.org/is-stream 148ms (cache miss)
1007 silly packumentCache full:https://registry.npmjs.org/is-stream set size:undefined disposed:false
1008 http fetch GET 200 https://registry.npmjs.org/strip-final-newline 122ms (cache miss)
1009 silly packumentCache full:https://registry.npmjs.org/strip-final-newline set size:undefined disposed:false
1010 http fetch GET 200 https://registry.npmjs.org/cross-spawn 179ms (cache miss)
1011 silly packumentCache full:https://registry.npmjs.org/cross-spawn set size:undefined disposed:false
1012 http fetch GET 200 https://registry.npmjs.org/yocto-queue 83ms (cache miss)
1013 silly packumentCache full:https://registry.npmjs.org/yocto-queue set size:undefined disposed:false
1014 silly placeDep ROOT cross-spawn@7.0.6 OK for: execa@5.1.1 want: ^7.0.3
1015 silly placeDep ROOT get-stream@6.0.1 OK for: execa@5.1.1 want: ^6.0.0
1016 silly placeDep ROOT human-signals@2.1.0 OK for: execa@5.1.1 want: ^2.1.0
1017 silly placeDep ROOT is-stream@2.0.1 OK for: execa@5.1.1 want: ^2.0.0
1018 silly placeDep ROOT merge-stream@2.0.0 OK for: execa@5.1.1 want: ^2.0.0
1019 silly placeDep ROOT npm-run-path@4.0.1 OK for: execa@5.1.1 want: ^4.0.1
1020 silly placeDep ROOT onetime@5.1.2 OK for: execa@5.1.1 want: ^5.1.2
1021 silly placeDep ROOT signal-exit@3.0.7 OK for: execa@5.1.1 want: ^3.0.3
1022 silly placeDep ROOT strip-final-newline@2.0.0 OK for: execa@5.1.1 want: ^2.0.0
1023 silly fetch manifest which@^2.0.1
1024 silly packumentCache full:https://registry.npmjs.org/which cache-miss
1025 silly fetch manifest path-key@^3.1.0
1026 silly packumentCache full:https://registry.npmjs.org/path-key cache-miss
1027 silly fetch manifest shebang-command@^2.0.0
1028 silly packumentCache full:https://registry.npmjs.org/shebang-command cache-miss
1029 silly fetch manifest path-key@^3.0.0
1030 silly packumentCache full:https://registry.npmjs.org/path-key cache-miss
1031 silly fetch manifest mimic-fn@^2.1.0
1032 silly packumentCache full:https://registry.npmjs.org/mimic-fn cache-miss
1033 http fetch GET 200 https://registry.npmjs.org/which 99ms (cache miss)
1034 silly packumentCache full:https://registry.npmjs.org/which set size:undefined disposed:false
1035 http fetch GET 200 https://registry.npmjs.org/shebang-command 103ms (cache miss)
1036 silly packumentCache full:https://registry.npmjs.org/shebang-command set size:undefined disposed:false
1037 http fetch GET 200 https://registry.npmjs.org/path-key 105ms (cache miss)
1038 silly packumentCache full:https://registry.npmjs.org/path-key set size:undefined disposed:false
1039 http fetch GET 200 https://registry.npmjs.org/path-key 110ms (cache miss)
1040 silly packumentCache full:https://registry.npmjs.org/path-key set size:undefined disposed:false
1041 http fetch GET 200 https://registry.npmjs.org/mimic-fn 108ms (cache miss)
1042 silly packumentCache full:https://registry.npmjs.org/mimic-fn set size:undefined disposed:false
1043 silly placeDep ROOT path-key@3.1.1 OK for: cross-spawn@7.0.6 want: ^3.1.0
1044 silly placeDep ROOT shebang-command@2.0.0 OK for: cross-spawn@7.0.6 want: ^2.0.0
1045 silly placeDep ROOT which@2.0.2 OK for: cross-spawn@7.0.6 want: ^2.0.1
1046 silly fetch manifest shebang-regex@^3.0.0
1047 silly packumentCache full:https://registry.npmjs.org/shebang-regex cache-miss
1048 silly fetch manifest isexe@^2.0.0
1049 silly packumentCache full:https://registry.npmjs.org/isexe cache-miss
1050 http fetch GET 200 https://registry.npmjs.org/shebang-regex 63ms (cache miss)
1051 silly packumentCache full:https://registry.npmjs.org/shebang-regex set size:undefined disposed:false
1052 http fetch GET 200 https://registry.npmjs.org/isexe 63ms (cache miss)
1053 silly packumentCache full:https://registry.npmjs.org/isexe set size:undefined disposed:false
1054 silly placeDep ROOT create-jest@29.7.0 OK for: jest-cli@29.7.0 want: ^29.7.0
1055 silly placeDep ROOT yargs@17.7.2 OK for: jest-cli@29.7.0 want: ^17.3.1
1056 silly fetch manifest prompts@^2.0.1
1057 silly packumentCache full:https://registry.npmjs.org/prompts cache-miss
1058 silly fetch manifest y18n@^5.0.5
1059 silly packumentCache full:https://registry.npmjs.org/y18n cache-miss
1060 silly fetch manifest cliui@^8.0.1
1061 silly packumentCache full:https://registry.npmjs.org/cliui cache-miss
1062 silly fetch manifest escalade@^3.1.1
1063 silly packumentCache full:https://registry.npmjs.org/escalade cache-miss
1064 silly fetch manifest string-width@^4.2.3
1065 silly packumentCache full:https://registry.npmjs.org/string-width cache-miss
1066 silly fetch manifest yargs-parser@^21.1.1
1067 silly packumentCache full:https://registry.npmjs.org/yargs-parser cache-miss
1068 silly fetch manifest get-caller-file@^2.0.5
1069 silly packumentCache full:https://registry.npmjs.org/get-caller-file cache-miss
1070 http fetch GET 200 https://registry.npmjs.org/escalade 30ms (cache hit)
1071 silly packumentCache full:https://registry.npmjs.org/escalade set size:33724 disposed:false
1072 silly fetch manifest require-directory@^2.1.1
1073 silly packumentCache full:https://registry.npmjs.org/require-directory cache-miss
1074 http fetch GET 200 https://registry.npmjs.org/prompts 116ms (cache miss)
1075 silly packumentCache full:https://registry.npmjs.org/prompts set size:undefined disposed:false
1076 http fetch GET 200 https://registry.npmjs.org/cliui 127ms (cache miss)
1077 silly packumentCache full:https://registry.npmjs.org/cliui set size:undefined disposed:false
1078 http fetch GET 200 https://registry.npmjs.org/string-width 150ms (cache miss)
1079 silly packumentCache full:https://registry.npmjs.org/string-width set size:undefined disposed:false
1080 http fetch GET 200 https://registry.npmjs.org/y18n 159ms (cache miss)
1081 silly packumentCache full:https://registry.npmjs.org/y18n set size:undefined disposed:false
1082 http fetch GET 200 https://registry.npmjs.org/get-caller-file 155ms (cache miss)
1083 silly packumentCache full:https://registry.npmjs.org/get-caller-file set size:undefined disposed:false
1084 http fetch GET 200 https://registry.npmjs.org/require-directory 130ms (cache miss)
1085 silly packumentCache full:https://registry.npmjs.org/require-directory set size:undefined disposed:false
1086 http fetch GET 200 https://registry.npmjs.org/yargs-parser 164ms (cache miss)
1087 silly packumentCache full:https://registry.npmjs.org/yargs-parser set size:undefined disposed:false
1088 silly placeDep ROOT prompts@2.4.2 OK for: create-jest@29.7.0 want: ^2.0.1
1089 silly fetch manifest kleur@^3.0.3
1090 silly packumentCache full:https://registry.npmjs.org/kleur cache-miss
1091 silly fetch manifest sisteransi@^1.0.5
1092 silly packumentCache full:https://registry.npmjs.org/sisteransi cache-miss
1093 http fetch GET 200 https://registry.npmjs.org/kleur 70ms (cache miss)
1094 silly packumentCache full:https://registry.npmjs.org/kleur set size:undefined disposed:false
1095 http fetch GET 200 https://registry.npmjs.org/sisteransi 76ms (cache miss)
1096 silly packumentCache full:https://registry.npmjs.org/sisteransi set size:undefined disposed:false
1097 silly placeDep ROOT @jest/test-sequencer@29.7.0 OK for: jest-config@29.7.0 want: ^29.7.0
1098 silly placeDep ROOT babel-jest@29.7.0 OK for: jest-config@29.7.0 want: ^29.7.0
1099 silly placeDep ROOT deepmerge@4.3.1 OK for: jest-config@29.7.0 want: ^4.2.2
1100 silly placeDep ROOT jest-circus@29.7.0 OK for: jest-config@29.7.0 want: ^29.7.0
1101 silly placeDep ROOT jest-environment-node@29.7.0 OK for: jest-config@29.7.0 want: ^29.7.0
1102 silly placeDep ROOT jest-get-type@29.6.3 OK for: jest-config@29.7.0 want: ^29.6.3
1103 silly placeDep ROOT parse-json@5.2.0 OK for: jest-config@29.7.0 want: ^5.2.0
1104 silly placeDep ROOT strip-json-comments@3.1.1 OK for: jest-config@29.7.0 want: ^3.1.1
1105 silly fetch manifest babel-preset-jest@^29.6.3
1106 silly packumentCache full:https://registry.npmjs.org/babel-preset-jest cache-miss
1107 silly fetch manifest @types/babel__core@^7.1.14
1108 silly packumentCache full:https://registry.npmjs.org/@types%2fbabel__core cache-miss
1109 silly fetch manifest co@^4.6.0
1110 silly packumentCache full:https://registry.npmjs.org/co cache-miss
1111 silly fetch manifest dedent@^1.0.0
1112 silly packumentCache full:https://registry.npmjs.org/dedent cache-miss
1113 silly fetch manifest jest-each@^29.7.0
1114 silly packumentCache full:https://registry.npmjs.org/jest-each cache-miss
1115 silly fetch manifest pure-rand@^6.0.0
1116 silly packumentCache full:https://registry.npmjs.org/pure-rand cache-miss
1117 silly fetch manifest @jest/expect@^29.7.0
1118 silly packumentCache full:https://registry.npmjs.org/@jest%2fexpect cache-miss
1119 http fetch GET 200 https://registry.npmjs.org/babel-preset-jest 98ms (cache miss)
1120 silly packumentCache full:https://registry.npmjs.org/babel-preset-jest set size:undefined disposed:false
1121 silly fetch manifest is-generator-fn@^2.0.0
1122 silly packumentCache full:https://registry.npmjs.org/is-generator-fn cache-miss
1123 http fetch GET 200 https://registry.npmjs.org/@types%2fbabel__core 127ms (cache miss)
1124 silly packumentCache full:https://registry.npmjs.org/@types%2fbabel__core set size:undefined disposed:false
1125 silly fetch manifest error-ex@^1.3.1
1126 silly packumentCache full:https://registry.npmjs.org/error-ex cache-miss
1127 http fetch GET 200 https://registry.npmjs.org/jest-each 218ms (cache miss)
1128 silly packumentCache full:https://registry.npmjs.org/jest-each set size:undefined disposed:false
1129 silly fetch manifest json-parse-even-better-errors@^2.3.0
1130 silly packumentCache full:https://registry.npmjs.org/json-parse-even-better-errors cache-miss
1131 http fetch GET 200 https://registry.npmjs.org/co 239ms (cache miss)
1132 silly packumentCache full:https://registry.npmjs.org/co set size:undefined disposed:false
1133 silly fetch manifest lines-and-columns@^1.1.6
1134 silly packumentCache full:https://registry.npmjs.org/lines-and-columns cache-miss
1135 http fetch GET 200 https://registry.npmjs.org/is-generator-fn 140ms (cache miss)
1136 silly packumentCache full:https://registry.npmjs.org/is-generator-fn set size:undefined disposed:false
1137 http fetch GET 200 https://registry.npmjs.org/dedent 245ms (cache miss)
1138 silly packumentCache full:https://registry.npmjs.org/dedent set size:undefined disposed:false
1139 http fetch GET 200 https://registry.npmjs.org/error-ex 123ms (cache miss)
1140 silly packumentCache full:https://registry.npmjs.org/error-ex set size:undefined disposed:false
1141 http fetch GET 200 https://registry.npmjs.org/pure-rand 253ms (cache miss)
1142 silly packumentCache full:https://registry.npmjs.org/pure-rand set size:undefined disposed:false
1143 http fetch GET 200 https://registry.npmjs.org/@jest%2fexpect 265ms (cache miss)
1144 silly packumentCache full:https://registry.npmjs.org/@jest%2fexpect set size:undefined disposed:false
1145 http fetch GET 200 https://registry.npmjs.org/lines-and-columns 94ms (cache miss)
1146 silly packumentCache full:https://registry.npmjs.org/lines-and-columns set size:undefined disposed:false
1147 http fetch GET 200 https://registry.npmjs.org/json-parse-even-better-errors 108ms (cache miss)
1148 silly packumentCache full:https://registry.npmjs.org/json-parse-even-better-errors set size:undefined disposed:false
1149 silly fetch manifest @babel/core@^7.8.0
1150 silly packumentCache full:https://registry.npmjs.org/@babel%2fcore cache-hit
1151 silly placeDep ROOT @types/babel__core@7.20.5 OK for: babel-jest@29.7.0 want: ^7.1.14
1152 silly placeDep ROOT babel-preset-jest@29.6.3 OK for: babel-jest@29.7.0 want: ^29.6.3
1153 silly fetch manifest @types/babel__template@*
1154 silly packumentCache full:https://registry.npmjs.org/@types%2fbabel__template cache-miss
1155 silly fetch manifest @types/babel__traverse@*
1156 silly packumentCache full:https://registry.npmjs.org/@types%2fbabel__traverse cache-miss
1157 silly fetch manifest @types/babel__generator@*
1158 silly packumentCache full:https://registry.npmjs.org/@types%2fbabel__generator cache-miss
1159 silly fetch manifest babel-plugin-jest-hoist@^29.6.3
1160 silly packumentCache full:https://registry.npmjs.org/babel-plugin-jest-hoist cache-miss
1161 http fetch GET 200 https://registry.npmjs.org/@types%2fbabel__generator 115ms (cache miss)
1162 silly packumentCache full:https://registry.npmjs.org/@types%2fbabel__generator set size:undefined disposed:false
1163 http fetch GET 200 https://registry.npmjs.org/@types%2fbabel__traverse 119ms (cache miss)
1164 silly packumentCache full:https://registry.npmjs.org/@types%2fbabel__traverse set size:undefined disposed:false
1165 http fetch GET 200 https://registry.npmjs.org/babel-plugin-jest-hoist 136ms (cache miss)
1166 silly packumentCache full:https://registry.npmjs.org/babel-plugin-jest-hoist set size:undefined disposed:false
1167 http fetch GET 200 https://registry.npmjs.org/@types%2fbabel__template 216ms (cache miss)
1168 silly packumentCache full:https://registry.npmjs.org/@types%2fbabel__template set size:undefined disposed:false
1169 silly placeDep ROOT @types/babel__generator@7.6.8 OK for: @types/babel__core@7.20.5 want: *
1170 silly placeDep ROOT @types/babel__template@7.4.4 OK for: @types/babel__core@7.20.5 want: *
1171 silly placeDep ROOT @types/babel__traverse@7.20.6 OK for: @types/babel__core@7.20.5 want: *
1172 silly placeDep ROOT babel-plugin-jest-hoist@29.6.3 OK for: babel-preset-jest@29.6.3 want: ^29.6.3
1173 silly placeDep ROOT babel-preset-current-node-syntax@1.1.0 OK for: babel-preset-jest@29.6.3 want: ^1.0.0
1174 silly fetch manifest @babel/plugin-syntax-async-generators@^7.8.4
1175 silly packumentCache full:https://registry.npmjs.org/@babel%2fplugin-syntax-async-generators cache-miss
1176 silly fetch manifest @babel/plugin-syntax-bigint@^7.8.3
1177 silly packumentCache full:https://registry.npmjs.org/@babel%2fplugin-syntax-bigint cache-miss
1178 silly fetch manifest @babel/plugin-syntax-class-properties@^7.12.13
1179 silly packumentCache full:https://registry.npmjs.org/@babel%2fplugin-syntax-class-properties cache-miss
1180 silly fetch manifest @babel/plugin-syntax-class-static-block@^7.14.5
1181 silly packumentCache full:https://registry.npmjs.org/@babel%2fplugin-syntax-class-static-block cache-miss
1182 silly fetch manifest @babel/plugin-syntax-import-attributes@^7.24.7
1183 silly packumentCache full:https://registry.npmjs.org/@babel%2fplugin-syntax-import-attributes cache-miss
1184 silly fetch manifest @babel/plugin-syntax-import-meta@^7.10.4
1185 silly packumentCache full:https://registry.npmjs.org/@babel%2fplugin-syntax-import-meta cache-miss
1186 silly fetch manifest @babel/plugin-syntax-json-strings@^7.8.3
1187 silly packumentCache full:https://registry.npmjs.org/@babel%2fplugin-syntax-json-strings cache-miss
1188 http fetch GET 200 https://registry.npmjs.org/@babel%2fplugin-syntax-bigint 78ms (cache miss)
1189 silly packumentCache full:https://registry.npmjs.org/@babel%2fplugin-syntax-bigint set size:undefined disposed:false
1190 silly fetch manifest @babel/plugin-syntax-logical-assignment-operators@^7.10.4
1191 silly packumentCache full:https://registry.npmjs.org/@babel%2fplugin-syntax-logical-assignment-operators cache-miss
1192 http fetch GET 200 https://registry.npmjs.org/@babel%2fplugin-syntax-import-attributes 123ms (cache miss)
1193 silly packumentCache full:https://registry.npmjs.org/@babel%2fplugin-syntax-import-attributes set size:undefined disposed:false
1194 silly fetch manifest @babel/plugin-syntax-nullish-coalescing-operator@^7.8.3
1195 silly packumentCache full:https://registry.npmjs.org/@babel%2fplugin-syntax-nullish-coalescing-operator cache-miss
1196 http fetch GET 200 https://registry.npmjs.org/@babel%2fplugin-syntax-class-static-block 154ms (cache miss)
1197 silly packumentCache full:https://registry.npmjs.org/@babel%2fplugin-syntax-class-static-block set size:undefined disposed:false
1198 silly fetch manifest @babel/plugin-syntax-numeric-separator@^7.10.4
1199 silly packumentCache full:https://registry.npmjs.org/@babel%2fplugin-syntax-numeric-separator cache-miss
1200 http fetch GET 200 https://registry.npmjs.org/@babel%2fplugin-syntax-import-meta 162ms (cache miss)
1201 silly packumentCache full:https://registry.npmjs.org/@babel%2fplugin-syntax-import-meta set size:undefined disposed:false
1202 silly fetch manifest @babel/plugin-syntax-object-rest-spread@^7.8.3
1203 silly packumentCache full:https://registry.npmjs.org/@babel%2fplugin-syntax-object-rest-spread cache-miss
1204 http fetch GET 200 https://registry.npmjs.org/@babel%2fplugin-syntax-json-strings 192ms (cache miss)
1205 silly packumentCache full:https://registry.npmjs.org/@babel%2fplugin-syntax-json-strings set size:undefined disposed:false
1206 silly fetch manifest @babel/plugin-syntax-optional-catch-binding@^7.8.3
1207 silly packumentCache full:https://registry.npmjs.org/@babel%2fplugin-syntax-optional-catch-binding cache-miss
1208 http fetch GET 200 https://registry.npmjs.org/@babel%2fplugin-syntax-class-properties 218ms (cache miss)
1209 silly packumentCache full:https://registry.npmjs.org/@babel%2fplugin-syntax-class-properties set size:undefined disposed:false
1210 silly fetch manifest @babel/plugin-syntax-optional-chaining@^7.8.3
1211 silly packumentCache full:https://registry.npmjs.org/@babel%2fplugin-syntax-optional-chaining cache-miss
1212 http fetch GET 200 https://registry.npmjs.org/@babel%2fplugin-syntax-async-generators 226ms (cache miss)
1213 silly packumentCache full:https://registry.npmjs.org/@babel%2fplugin-syntax-async-generators set size:undefined disposed:false
1214 silly fetch manifest @babel/plugin-syntax-private-property-in-object@^7.14.5
1215 silly packumentCache full:https://registry.npmjs.org/@babel%2fplugin-syntax-private-property-in-object cache-miss
1216 http fetch GET 200 https://registry.npmjs.org/@babel%2fplugin-syntax-logical-assignment-operators 201ms (cache miss)
1217 silly packumentCache full:https://registry.npmjs.org/@babel%2fplugin-syntax-logical-assignment-operators set size:undefined disposed:false
1218 silly fetch manifest @babel/plugin-syntax-top-level-await@^7.14.5
1219 silly packumentCache full:https://registry.npmjs.org/@babel%2fplugin-syntax-top-level-await cache-miss
1220 http fetch GET 200 https://registry.npmjs.org/@babel%2fplugin-syntax-numeric-separator 131ms (cache miss)
1221 silly packumentCache full:https://registry.npmjs.org/@babel%2fplugin-syntax-numeric-separator set size:undefined disposed:false
1222 http fetch GET 200 https://registry.npmjs.org/@babel%2fplugin-syntax-nullish-coalescing-operator 161ms (cache miss)
1223 silly packumentCache full:https://registry.npmjs.org/@babel%2fplugin-syntax-nullish-coalescing-operator set size:undefined disposed:false
1224 http fetch GET 200 https://registry.npmjs.org/@babel%2fplugin-syntax-private-property-in-object 104ms (cache miss)
1225 silly packumentCache full:https://registry.npmjs.org/@babel%2fplugin-syntax-private-property-in-object set size:undefined disposed:false
1226 http fetch GET 200 https://registry.npmjs.org/@babel%2fplugin-syntax-optional-chaining 113ms (cache miss)
1227 silly packumentCache full:https://registry.npmjs.org/@babel%2fplugin-syntax-optional-chaining set size:undefined disposed:false
1228 http fetch GET 200 https://registry.npmjs.org/@babel%2fplugin-syntax-optional-catch-binding 159ms (cache miss)
1229 silly packumentCache full:https://registry.npmjs.org/@babel%2fplugin-syntax-optional-catch-binding set size:undefined disposed:false
1230 http fetch GET 200 https://registry.npmjs.org/@babel%2fplugin-syntax-top-level-await 92ms (cache miss)
1231 silly packumentCache full:https://registry.npmjs.org/@babel%2fplugin-syntax-top-level-await set size:undefined disposed:false
1232 http fetch GET 200 https://registry.npmjs.org/@babel%2fplugin-syntax-object-rest-spread 714ms (cache miss)
1233 silly packumentCache full:https://registry.npmjs.org/@babel%2fplugin-syntax-object-rest-spread set size:undefined disposed:false
1234 silly placeDep ROOT @babel/plugin-syntax-async-generators@7.8.4 OK for: babel-preset-current-node-syntax@1.1.0 want: ^7.8.4
1235 silly placeDep ROOT @babel/plugin-syntax-bigint@7.8.3 OK for: babel-preset-current-node-syntax@1.1.0 want: ^7.8.3
1236 silly placeDep ROOT @babel/plugin-syntax-class-properties@7.12.13 OK for: babel-preset-current-node-syntax@1.1.0 want: ^7.12.13
1237 silly placeDep ROOT @babel/plugin-syntax-class-static-block@7.14.5 OK for: babel-preset-current-node-syntax@1.1.0 want: ^7.14.5
1238 silly placeDep ROOT @babel/plugin-syntax-import-attributes@7.26.0 OK for: babel-preset-current-node-syntax@1.1.0 want: ^7.24.7
1239 silly placeDep ROOT @babel/plugin-syntax-import-meta@7.10.4 OK for: babel-preset-current-node-syntax@1.1.0 want: ^7.10.4
1240 silly placeDep ROOT @babel/plugin-syntax-json-strings@7.8.3 OK for: babel-preset-current-node-syntax@1.1.0 want: ^7.8.3
1241 silly placeDep ROOT @babel/plugin-syntax-logical-assignment-operators@7.10.4 OK for: babel-preset-current-node-syntax@1.1.0 want: ^7.10.4
1242 silly placeDep ROOT @babel/plugin-syntax-nullish-coalescing-operator@7.8.3 OK for: babel-preset-current-node-syntax@1.1.0 want: ^7.8.3
1243 silly placeDep ROOT @babel/plugin-syntax-numeric-separator@7.10.4 OK for: babel-preset-current-node-syntax@1.1.0 want: ^7.10.4
1244 silly placeDep ROOT @babel/plugin-syntax-object-rest-spread@7.8.3 OK for: babel-preset-current-node-syntax@1.1.0 want: ^7.8.3
1245 silly placeDep ROOT @babel/plugin-syntax-optional-catch-binding@7.8.3 OK for: babel-preset-current-node-syntax@1.1.0 want: ^7.8.3
1246 silly placeDep ROOT @babel/plugin-syntax-optional-chaining@7.8.3 OK for: babel-preset-current-node-syntax@1.1.0 want: ^7.8.3
1247 silly placeDep ROOT @babel/plugin-syntax-private-property-in-object@7.14.5 OK for: babel-preset-current-node-syntax@1.1.0 want: ^7.14.5
1248 silly placeDep ROOT @babel/plugin-syntax-top-level-await@7.14.5 OK for: babel-preset-current-node-syntax@1.1.0 want: ^7.14.5
1249 silly fetch manifest babel-plugin-macros@^3.1.0
1250 silly packumentCache full:https://registry.npmjs.org/babel-plugin-macros cache-miss
1251 http fetch GET 200 https://registry.npmjs.org/babel-plugin-macros 70ms (cache miss)
1252 silly packumentCache full:https://registry.npmjs.org/babel-plugin-macros set size:undefined disposed:false
1253 silly placeDep ROOT @jest/environment@29.7.0 OK for: jest-circus@29.7.0 want: ^29.7.0
1254 silly placeDep ROOT @jest/expect@29.7.0 OK for: jest-circus@29.7.0 want: ^29.7.0
1255 silly placeDep ROOT co@4.6.0 OK for: jest-circus@29.7.0 want: ^4.6.0
1256 silly placeDep ROOT dedent@1.5.3 OK for: jest-circus@29.7.0 want: ^1.0.0
1257 silly placeDep ROOT is-generator-fn@2.1.0 OK for: jest-circus@29.7.0 want: ^2.0.0
1258 silly placeDep ROOT jest-each@29.7.0 OK for: jest-circus@29.7.0 want: ^29.7.0
1259 silly placeDep ROOT jest-matcher-utils@29.7.0 OK for: jest-circus@29.7.0 want: ^29.7.0
1260 silly placeDep ROOT pure-rand@6.1.0 OK for: jest-circus@29.7.0 want: ^6.0.0
1261 silly placeDep ROOT stack-utils@2.0.6 OK for: jest-circus@29.7.0 want: ^2.0.3
1262 silly fetch manifest escape-string-regexp@^2.0.0
1263 silly packumentCache full:https://registry.npmjs.org/escape-string-regexp cache-miss
1264 http fetch GET 200 https://registry.npmjs.org/escape-string-regexp 60ms (cache miss)
1265 silly packumentCache full:https://registry.npmjs.org/escape-string-regexp set size:undefined disposed:false
1266 silly placeDep ROOT @jest/fake-timers@29.7.0 OK for: @jest/environment@29.7.0 want: ^29.7.0
1267 silly placeDep ROOT jest-mock@29.7.0 OK for: @jest/environment@29.7.0 want: ^29.7.0
1268 silly fetch manifest @sinonjs/fake-timers@^10.0.2
1269 silly packumentCache full:https://registry.npmjs.org/@sinonjs%2ffake-timers cache-miss
1270 http fetch GET 200 https://registry.npmjs.org/@sinonjs%2ffake-timers 112ms (cache miss)
1271 silly packumentCache full:https://registry.npmjs.org/@sinonjs%2ffake-timers set size:undefined disposed:false
1272 silly placeDep ROOT expect@29.7.0 OK for: @jest/expect@29.7.0 want: ^29.7.0
1273 silly placeDep ROOT @sinonjs/fake-timers@10.3.0 OK for: @jest/fake-timers@29.7.0 want: ^10.0.2
1274 silly fetch manifest @sinonjs/commons@^3.0.0
1275 silly packumentCache full:https://registry.npmjs.org/@sinonjs%2fcommons cache-miss
1276 http fetch GET 200 https://registry.npmjs.org/@sinonjs%2fcommons 171ms (cache miss)
1277 silly packumentCache full:https://registry.npmjs.org/@sinonjs%2fcommons set size:undefined disposed:false
1278 silly placeDep ROOT @sinonjs/commons@3.0.1 OK for: @sinonjs/fake-timers@10.3.0 want: ^3.0.0
1279 silly fetch manifest type-detect@4.0.8
1280 silly packumentCache full:https://registry.npmjs.org/type-detect cache-miss
1281 http fetch GET 200 https://registry.npmjs.org/type-detect 184ms (cache miss)
1282 silly packumentCache full:https://registry.npmjs.org/type-detect set size:undefined disposed:false
1283 silly placeDep ROOT type-detect@4.0.8 OK for: @sinonjs/commons@3.0.1 want: 4.0.8
1284 silly placeDep ROOT @jest/expect-utils@29.7.0 OK for: expect@29.7.0 want: ^29.7.0
1285 silly placeDep ROOT @types/graceful-fs@4.1.9 OK for: jest-haste-map@29.7.0 want: ^4.1.3
1286 silly placeDep ROOT anymatch@3.1.3 OK for: jest-haste-map@29.7.0 want: ^3.0.3
1287 silly placeDep ROOT fb-watchman@2.0.2 OK for: jest-haste-map@29.7.0 want: ^2.0.0
1288 silly placeDep ROOT fsevents@2.3.3 OK for: jest-haste-map@29.7.0 want: ^2.3.2
1289 silly placeDep ROOT walker@1.0.8 OK for: jest-haste-map@29.7.0 want: ^1.0.8
1290 silly fetch manifest picomatch@^2.0.4
1291 silly packumentCache full:https://registry.npmjs.org/picomatch cache-miss
1292 silly fetch manifest normalize-path@^3.0.0
1293 silly packumentCache full:https://registry.npmjs.org/normalize-path cache-miss
1294 silly fetch manifest bser@2.1.1
1295 silly packumentCache full:https://registry.npmjs.org/bser cache-miss
1296 silly fetch manifest makeerror@1.0.12
1297 silly packumentCache full:https://registry.npmjs.org/makeerror cache-miss
1298 http fetch GET 200 https://registry.npmjs.org/picomatch 34ms (cache hit)
1299 silly packumentCache full:https://registry.npmjs.org/picomatch set size:116191 disposed:false
1300 http fetch GET 200 https://registry.npmjs.org/normalize-path 58ms (cache miss)
1301 silly packumentCache full:https://registry.npmjs.org/normalize-path set size:undefined disposed:false
1302 http fetch GET 200 https://registry.npmjs.org/makeerror 80ms (cache miss)
1303 silly packumentCache full:https://registry.npmjs.org/makeerror set size:undefined disposed:false
1304 http fetch GET 200 https://registry.npmjs.org/bser 92ms (cache miss)
1305 silly packumentCache full:https://registry.npmjs.org/bser set size:undefined disposed:false
1306 silly placeDep ROOT normalize-path@3.0.0 OK for: anymatch@3.1.3 want: ^3.0.0
1307 silly placeDep ROOT picomatch@2.3.1 OK for: anymatch@3.1.3 want: ^2.0.4
1308 silly placeDep ROOT bser@2.1.1 OK for: fb-watchman@2.0.2 want: 2.1.1
1309 silly fetch manifest node-int64@^0.4.0
1310 silly packumentCache full:https://registry.npmjs.org/node-int64 cache-miss
1311 http fetch GET 200 https://registry.npmjs.org/node-int64 111ms (cache miss)
1312 silly packumentCache full:https://registry.npmjs.org/node-int64 set size:undefined disposed:false
1313 silly placeDep ROOT node-int64@0.4.0 OK for: bser@2.1.1 want: ^0.4.0
1314 silly placeDep ROOT jest-diff@29.7.0 OK for: jest-matcher-utils@29.7.0 want: ^29.7.0
1315 silly fetch manifest diff-sequences@^29.6.3
1316 silly packumentCache full:https://registry.npmjs.org/diff-sequences cache-miss
1317 http fetch GET 200 https://registry.npmjs.org/diff-sequences 90ms (cache miss)
1318 silly packumentCache full:https://registry.npmjs.org/diff-sequences set size:undefined disposed:false
1319 silly placeDep ROOT diff-sequences@29.6.3 OK for: jest-diff@29.7.0 want: ^29.6.3
1320 silly placeDep ROOT @types/stack-utils@2.0.3 OK for: jest-message-util@29.7.0 want: ^2.0.0
1321 silly fetch manifest jest-resolve@*
1322 silly packumentCache full:https://registry.npmjs.org/jest-resolve cache-miss
1323 http fetch GET 200 https://registry.npmjs.org/jest-resolve 31ms (cache hit)
1324 silly packumentCache full:https://registry.npmjs.org/jest-resolve set size:622087 disposed:false
1325 silly placeDep ROOT jest-pnp-resolver@1.2.3 OK for: jest-resolve@29.7.0 want: ^1.2.2
1326 silly placeDep ROOT resolve@1.22.10 OK for: jest-resolve@29.7.0 want: ^1.20.0
1327 silly placeDep ROOT resolve.exports@2.0.3 OK for: jest-resolve@29.7.0 want: ^2.0.0
1328 silly fetch manifest is-core-module@^2.16.0
1329 silly packumentCache full:https://registry.npmjs.org/is-core-module cache-miss
1330 silly fetch manifest path-parse@^1.0.7
1331 silly packumentCache full:https://registry.npmjs.org/path-parse cache-miss
1332 silly fetch manifest supports-preserve-symlinks-flag@^1.0.0
1333 silly packumentCache full:https://registry.npmjs.org/supports-preserve-symlinks-flag cache-miss
1334 http fetch GET 200 https://registry.npmjs.org/supports-preserve-symlinks-flag 96ms (cache miss)
1335 silly packumentCache full:https://registry.npmjs.org/supports-preserve-symlinks-flag set size:undefined disposed:false
1336 http fetch GET 200 https://registry.npmjs.org/path-parse 100ms (cache miss)
1337 silly packumentCache full:https://registry.npmjs.org/path-parse set size:undefined disposed:false
1338 http fetch GET 200 https://registry.npmjs.org/is-core-module 215ms (cache miss)
1339 silly packumentCache full:https://registry.npmjs.org/is-core-module set size:undefined disposed:false
1340 silly placeDep ROOT emittery@0.13.1 OK for: jest-runner@29.7.0 want: ^0.13.1
1341 silly placeDep ROOT jest-docblock@29.7.0 OK for: jest-runner@29.7.0 want: ^29.7.0
1342 silly placeDep ROOT jest-leak-detector@29.7.0 OK for: jest-runner@29.7.0 want: ^29.7.0
1343 silly placeDep ROOT source-map-support@0.5.13 OK for: jest-runner@29.7.0 want: 0.5.13
1344 silly fetch manifest detect-newline@^3.0.0
1345 silly packumentCache full:https://registry.npmjs.org/detect-newline cache-miss
1346 silly fetch manifest buffer-from@^1.0.0
1347 silly packumentCache full:https://registry.npmjs.org/buffer-from cache-miss
1348 http fetch GET 200 https://registry.npmjs.org/detect-newline 263ms (cache miss)
1349 silly packumentCache full:https://registry.npmjs.org/detect-newline set size:undefined disposed:false
1350 http fetch GET 200 https://registry.npmjs.org/buffer-from 269ms (cache miss)
1351 silly packumentCache full:https://registry.npmjs.org/buffer-from set size:undefined disposed:false
1352 silly placeDep ROOT detect-newline@3.1.0 OK for: jest-docblock@29.7.0 want: ^3.0.0
1353 silly placeDep ROOT @jest/globals@29.7.0 OK for: jest-runtime@29.7.0 want: ^29.7.0
1354 silly placeDep ROOT @jest/source-map@29.6.3 OK for: jest-runtime@29.7.0 want: ^29.6.3
1355 silly placeDep ROOT cjs-module-lexer@1.4.3 OK for: jest-runtime@29.7.0 want: ^1.0.0
1356 silly placeDep ROOT strip-bom@4.0.0 OK for: jest-runtime@29.7.0 want: ^4.0.0
1357 silly fetch manifest callsites@^3.0.0
1358 silly packumentCache full:https://registry.npmjs.org/callsites cache-miss
1359 http fetch GET 200 https://registry.npmjs.org/callsites 73ms (cache miss)
1360 silly packumentCache full:https://registry.npmjs.org/callsites set size:undefined disposed:false
1361 silly placeDep ROOT callsites@3.1.0 OK for: @jest/source-map@29.6.3 want: ^3.0.0
1362 silly placeDep ROOT @babel/plugin-syntax-jsx@7.25.9 OK for: jest-snapshot@29.7.0 want: ^7.7.2
1363 silly placeDep ROOT @babel/plugin-syntax-typescript@7.25.9 OK for: jest-snapshot@29.7.0 want: ^7.7.2
1364 silly placeDep ROOT natural-compare@1.4.0 OK for: jest-snapshot@29.7.0 want: ^1.4.0
1365 silly placeDep node_modules/jest-snapshot semver@7.7.1 OK for: jest-snapshot@29.7.0 want: ^7.5.3
1366 silly placeDep node_modules/jest-validate camelcase@6.3.0 OK for: jest-validate@29.7.0 want: ^6.2.0
1367 silly placeDep ROOT leven@3.1.0 OK for: jest-validate@29.7.0 want: ^3.1.0
1368 silly placeDep node_modules/jest-worker supports-color@8.1.1 OK for: jest-worker@29.7.0 want: ^8.0.0
1369 silly placeDep ROOT argparse@1.0.10 OK for: js-yaml@3.14.1 want: ^1.0.7
1370 silly placeDep ROOT esprima@4.0.1 OK for: js-yaml@3.14.1 want: ^4.0.0
1371 silly fetch manifest sprintf-js@~1.0.2
1372 silly packumentCache full:https://registry.npmjs.org/sprintf-js cache-miss
1373 http fetch GET 200 https://registry.npmjs.org/sprintf-js 176ms (cache miss)
1374 silly packumentCache full:https://registry.npmjs.org/sprintf-js set size:undefined disposed:false
1375 silly placeDep ROOT sprintf-js@1.0.3 OK for: argparse@1.0.10 want: ~1.0.2
1376 silly placeDep ROOT p-locate@4.1.0 OK for: locate-path@5.0.0 want: ^4.1.0
1377 silly fetch manifest p-limit@^2.2.0
1378 silly packumentCache full:https://registry.npmjs.org/p-limit cache-miss
1379 http fetch GET 200 https://registry.npmjs.org/p-limit 19ms (cache hit)
1380 silly packumentCache full:https://registry.npmjs.org/p-limit set size:50060 disposed:false
1381 silly placeDep ROOT yallist@3.1.1 OK for: lru-cache@5.1.1 want: ^3.0.2
1382 silly placeDep node_modules/make-dir semver@7.7.1 OK for: make-dir@4.0.0 want: ^7.5.3
1383 silly placeDep ROOT braces@3.0.3 OK for: micromatch@4.0.8 want: ^3.0.3
1384 silly fetch manifest fill-range@^7.1.1
1385 silly packumentCache full:https://registry.npmjs.org/fill-range cache-miss
1386 http fetch GET 200 https://registry.npmjs.org/fill-range 81ms (cache miss)
1387 silly packumentCache full:https://registry.npmjs.org/fill-range set size:undefined disposed:false
1388 silly placeDep ROOT fill-range@7.1.1 OK for: braces@3.0.3 want: ^7.1.1
1389 silly fetch manifest to-regex-range@^5.0.1
1390 silly packumentCache full:https://registry.npmjs.org/to-regex-range cache-miss
1391 http fetch GET 200 https://registry.npmjs.org/to-regex-range 74ms (cache miss)
1392 silly packumentCache full:https://registry.npmjs.org/to-regex-range set size:undefined disposed:false
1393 silly placeDep ROOT to-regex-range@5.0.1 OK for: fill-range@7.1.1 want: ^5.0.1
1394 silly fetch manifest is-number@^7.0.0
1395 silly packumentCache full:https://registry.npmjs.org/is-number cache-miss
1396 http fetch GET 200 https://registry.npmjs.org/is-number 84ms (cache miss)
1397 silly packumentCache full:https://registry.npmjs.org/is-number set size:undefined disposed:false
1398 silly placeDep ROOT brace-expansion@1.1.11 OK for: minimatch@3.1.2 want: ^1.1.7
1399 silly fetch manifest balanced-match@^1.0.0
1400 silly packumentCache full:https://registry.npmjs.org/balanced-match cache-miss
1401 silly fetch manifest concat-map@0.0.1
1402 silly packumentCache full:https://registry.npmjs.org/concat-map cache-miss
1403 http fetch GET 200 https://registry.npmjs.org/balanced-match 59ms (cache miss)
1404 silly packumentCache full:https://registry.npmjs.org/balanced-match set size:undefined disposed:false
1405 http fetch GET 200 https://registry.npmjs.org/concat-map 73ms (cache miss)
1406 silly packumentCache full:https://registry.npmjs.org/concat-map set size:undefined disposed:false
1407 silly placeDep ROOT balanced-match@1.0.2 OK for: brace-expansion@1.1.11 want: ^1.0.0
1408 silly placeDep ROOT concat-map@0.0.1 OK for: brace-expansion@1.1.11 want: 0.0.1
1409 silly placeDep ROOT mimic-fn@2.1.0 OK for: onetime@5.1.2 want: ^2.1.0
1410 silly placeDep ROOT yocto-queue@0.1.0 OK for: p-limit@3.1.0 want: ^0.1.0
1411 silly placeDep node_modules/p-locate p-limit@2.3.0 OK for: p-locate@4.1.0 want: ^2.2.0
1412 silly fetch manifest p-try@^2.0.0
1413 silly packumentCache full:https://registry.npmjs.org/p-try cache-miss
1414 http fetch GET 200 https://registry.npmjs.org/p-try 164ms (cache miss)
1415 silly packumentCache full:https://registry.npmjs.org/p-try set size:undefined disposed:false
1416 silly placeDep ROOT error-ex@1.3.2 OK for: parse-json@5.2.0 want: ^1.3.1
1417 silly placeDep ROOT json-parse-even-better-errors@2.3.1 OK for: parse-json@5.2.0 want: ^2.3.0
1418 silly placeDep ROOT lines-and-columns@1.2.4 OK for: parse-json@5.2.0 want: ^1.1.6
1419 silly fetch manifest is-arrayish@^0.2.1
1420 silly packumentCache full:https://registry.npmjs.org/is-arrayish cache-miss
1421 http fetch GET 200 https://registry.npmjs.org/is-arrayish 62ms (cache miss)
1422 silly packumentCache full:https://registry.npmjs.org/is-arrayish set size:undefined disposed:false
1423 silly placeDep ROOT is-arrayish@0.2.1 OK for: error-ex@1.3.2 want: ^0.2.1
1424 silly placeDep node_modules/pretty-format ansi-styles@5.2.0 OK for: pretty-format@29.7.0 want: ^5.0.0
1425 silly placeDep ROOT react-is@18.3.1 OK for: pretty-format@29.7.0 want: ^18.0.0
1426 silly placeDep ROOT kleur@3.0.3 OK for: prompts@2.4.2 want: ^3.0.3
1427 silly placeDep ROOT sisteransi@1.0.5 OK for: prompts@2.4.2 want: ^1.0.5
1428 silly placeDep ROOT is-core-module@2.16.1 OK for: resolve@1.22.10 want: ^2.16.0
1429 silly placeDep ROOT path-parse@1.0.7 OK for: resolve@1.22.10 want: ^1.0.7
1430 silly placeDep ROOT supports-preserve-symlinks-flag@1.0.0 OK for: resolve@1.22.10 want: ^1.0.0
1431 silly fetch manifest hasown@^2.0.2
1432 silly packumentCache full:https://registry.npmjs.org/hasown cache-miss
1433 http fetch GET 200 https://registry.npmjs.org/hasown 77ms (cache miss)
1434 silly packumentCache full:https://registry.npmjs.org/hasown set size:undefined disposed:false
1435 silly placeDep ROOT hasown@2.0.2 OK for: is-core-module@2.16.1 want: ^2.0.2
1436 silly fetch manifest function-bind@^1.1.2
1437 silly packumentCache full:https://registry.npmjs.org/function-bind cache-miss
1438 http fetch GET 200 https://registry.npmjs.org/function-bind 77ms (cache miss)
1439 silly packumentCache full:https://registry.npmjs.org/function-bind set size:undefined disposed:false
1440 silly placeDep ROOT function-bind@1.1.2 OK for: hasown@2.0.2 want: ^1.1.2
1441 silly placeDep ROOT shebang-regex@3.0.0 OK for: shebang-command@2.0.0 want: ^3.0.0
1442 silly placeDep ROOT buffer-from@1.1.2 OK for: source-map-support@0.5.13 want: ^1.0.0
1443 silly placeDep ROOT escape-string-regexp@2.0.0 OK for: stack-utils@2.0.6 want: ^2.0.0
1444 silly placeDep ROOT char-regex@1.0.2 OK for: string-length@4.0.2 want: ^1.0.2
1445 silly placeDep ROOT ansi-regex@5.0.1 OK for: strip-ansi@6.0.1 want: ^5.0.1
1446 silly placeDep ROOT has-flag@4.0.0 OK for: supports-color@7.2.0 want: ^4.0.0
1447 silly placeDep ROOT is-number@7.0.0 OK for: to-regex-range@5.0.1 want: ^7.0.0
1448 silly placeDep ROOT escalade@3.2.0 OK for: update-browserslist-db@1.1.3 want: ^3.2.0
1449 silly placeDep ROOT makeerror@1.0.12 OK for: walker@1.0.8 want: 1.0.12
1450 silly fetch manifest tmpl@1.0.5
1451 silly packumentCache full:https://registry.npmjs.org/tmpl cache-miss
1452 http fetch GET 200 https://registry.npmjs.org/tmpl 94ms (cache miss)
1453 silly packumentCache full:https://registry.npmjs.org/tmpl set size:undefined disposed:false
1454 silly placeDep ROOT tmpl@1.0.5 OK for: makeerror@1.0.12 want: 1.0.5
1455 silly placeDep ROOT isexe@2.0.0 OK for: which@2.0.2 want: ^2.0.0
1456 silly placeDep ROOT imurmurhash@0.1.4 OK for: write-file-atomic@4.0.2 want: ^0.1.4
1457 silly placeDep ROOT cliui@8.0.1 OK for: yargs@17.7.2 want: ^8.0.1
1458 silly placeDep ROOT get-caller-file@2.0.5 OK for: yargs@17.7.2 want: ^2.0.5
1459 silly placeDep ROOT require-directory@2.1.1 OK for: yargs@17.7.2 want: ^2.1.1
1460 silly placeDep ROOT string-width@4.2.3 OK for: yargs@17.7.2 want: ^4.2.3
1461 silly placeDep ROOT y18n@5.0.8 OK for: yargs@17.7.2 want: ^5.0.5
1462 silly placeDep ROOT yargs-parser@21.1.1 OK for: yargs@17.7.2 want: ^21.1.1
1463 silly fetch manifest wrap-ansi@^7.0.0
1464 silly packumentCache full:https://registry.npmjs.org/wrap-ansi cache-miss
1465 silly fetch manifest string-width@^4.2.0
1466 silly packumentCache full:https://registry.npmjs.org/string-width cache-miss
1467 silly fetch manifest emoji-regex@^8.0.0
1468 silly packumentCache full:https://registry.npmjs.org/emoji-regex cache-miss
1469 silly fetch manifest is-fullwidth-code-point@^3.0.0
1470 silly packumentCache full:https://registry.npmjs.org/is-fullwidth-code-point cache-miss
1471 http fetch GET 200 https://registry.npmjs.org/string-width 18ms (cache hit)
1472 silly packumentCache full:https://registry.npmjs.org/string-width set size:61460 disposed:false
1473 http fetch GET 200 https://registry.npmjs.org/emoji-regex 96ms (cache miss)
1474 silly packumentCache full:https://registry.npmjs.org/emoji-regex set size:undefined disposed:false
1475 http fetch GET 200 https://registry.npmjs.org/wrap-ansi 105ms (cache miss)
1476 silly packumentCache full:https://registry.npmjs.org/wrap-ansi set size:undefined disposed:false
1477 http fetch GET 200 https://registry.npmjs.org/is-fullwidth-code-point 107ms (cache miss)
1478 silly packumentCache full:https://registry.npmjs.org/is-fullwidth-code-point set size:undefined disposed:false
1479 silly placeDep ROOT wrap-ansi@7.0.0 OK for: cliui@8.0.1 want: ^7.0.0
1480 silly placeDep ROOT emoji-regex@8.0.0 OK for: string-width@4.2.3 want: ^8.0.0
1481 silly placeDep ROOT is-fullwidth-code-point@3.0.0 OK for: string-width@4.2.3 want: ^3.0.0
1482 silly placeDep ROOT p-try@2.2.0 OK for: p-limit@2.3.0 want: ^2.0.0
1483 silly reify moves {}
1484 verbose reify failed optional dependency /home/pribg/node_modules/fsevents
1485 silly reify mark deleted [ '/home/pribg/node_modules/fsevents' ]
1486 silly tarball no local data for p-try@https://registry.npmjs.org/p-try/-/p-try-2.2.0.tgz. Extracting by manifest.
1487 silly tarball no local data for emoji-regex@https://registry.npmjs.org/emoji-regex/-/emoji-regex-8.0.0.tgz. Extracting by manifest.
1488 silly tarball no local data for is-fullwidth-code-point@https://registry.npmjs.org/is-fullwidth-code-point/-/is-fullwidth-code-point-3.0.0.tgz. Extracting by manifest.
1489 silly tarball no local data for yargs-parser@https://registry.npmjs.org/yargs-parser/-/yargs-parser-21.1.1.tgz. Extracting by manifest.
1490 silly tarball no local data for wrap-ansi@https://registry.npmjs.org/wrap-ansi/-/wrap-ansi-7.0.0.tgz. Extracting by manifest.
1491 silly tarball no local data for y18n@https://registry.npmjs.org/y18n/-/y18n-5.0.8.tgz. Extracting by manifest.
1492 silly tarball no local data for string-width@https://registry.npmjs.org/string-width/-/string-width-4.2.3.tgz. Extracting by manifest.
1493 silly tarball no local data for get-caller-file@https://registry.npmjs.org/get-caller-file/-/get-caller-file-2.0.5.tgz. Extracting by manifest.
1494 silly tarball no local data for imurmurhash@https://registry.npmjs.org/imurmurhash/-/imurmurhash-0.1.4.tgz. Extracting by manifest.
1495 silly tarball no local data for cliui@https://registry.npmjs.org/cliui/-/cliui-8.0.1.tgz. Extracting by manifest.
1496 silly tarball no local data for require-directory@https://registry.npmjs.org/require-directory/-/require-directory-2.1.1.tgz. Extracting by manifest.
1497 silly tarball no local data for isexe@https://registry.npmjs.org/isexe/-/isexe-2.0.0.tgz. Extracting by manifest.
1498 silly tarball no local data for is-number@https://registry.npmjs.org/is-number/-/is-number-7.0.0.tgz. Extracting by manifest.
1499 silly tarball no local data for escalade@https://registry.npmjs.org/escalade/-/escalade-3.2.0.tgz. Extracting by manifest.
1500 silly tarball no local data for has-flag@https://registry.npmjs.org/has-flag/-/has-flag-4.0.0.tgz. Extracting by manifest.
1501 silly tarball no local data for ansi-regex@https://registry.npmjs.org/ansi-regex/-/ansi-regex-5.0.1.tgz. Extracting by manifest.
1502 silly tarball no local data for char-regex@https://registry.npmjs.org/char-regex/-/char-regex-1.0.2.tgz. Extracting by manifest.
1503 silly tarball no local data for function-bind@https://registry.npmjs.org/function-bind/-/function-bind-1.1.2.tgz. Extracting by manifest.
1504 silly tarball no local data for shebang-regex@https://registry.npmjs.org/shebang-regex/-/shebang-regex-3.0.0.tgz. Extracting by manifest.
1505 silly tarball no local data for buffer-from@https://registry.npmjs.org/buffer-from/-/buffer-from-1.1.2.tgz. Extracting by manifest.
1506 silly tarball no local data for hasown@https://registry.npmjs.org/hasown/-/hasown-2.0.2.tgz. Extracting by manifest.
1507 silly tarball no local data for path-parse@https://registry.npmjs.org/path-parse/-/path-parse-1.0.7.tgz. Extracting by manifest.
1508 silly tarball no local data for escape-string-regexp@https://registry.npmjs.org/escape-string-regexp/-/escape-string-regexp-2.0.0.tgz. Extracting by manifest.
1509 silly tarball no local data for sisteransi@https://registry.npmjs.org/sisteransi/-/sisteransi-1.0.5.tgz. Extracting by manifest.
1510 silly tarball no local data for tmpl@https://registry.npmjs.org/tmpl/-/tmpl-1.0.5.tgz. Extracting by manifest.
1511 silly tarball no local data for kleur@https://registry.npmjs.org/kleur/-/kleur-3.0.3.tgz. Extracting by manifest.
1512 silly tarball no local data for react-is@https://registry.npmjs.org/react-is/-/react-is-18.3.1.tgz. Extracting by manifest.
1513 silly tarball no local data for json-parse-even-better-errors@https://registry.npmjs.org/json-parse-even-better-errors/-/json-parse-even-better-errors-2.3.1.tgz. Extracting by manifest.
1514 silly tarball no local data for lines-and-columns@https://registry.npmjs.org/lines-and-columns/-/lines-and-columns-1.2.4.tgz. Extracting by manifest.
1515 silly tarball no local data for yocto-queue@https://registry.npmjs.org/yocto-queue/-/yocto-queue-0.1.0.tgz. Extracting by manifest.
1516 silly tarball no local data for is-arrayish@https://registry.npmjs.org/is-arrayish/-/is-arrayish-0.2.1.tgz. Extracting by manifest.
1517 silly tarball no local data for concat-map@https://registry.npmjs.org/concat-map/-/concat-map-0.0.1.tgz. Extracting by manifest.
1518 silly tarball no local data for mimic-fn@https://registry.npmjs.org/mimic-fn/-/mimic-fn-2.1.0.tgz. Extracting by manifest.
1519 silly tarball no local data for makeerror@https://registry.npmjs.org/makeerror/-/makeerror-1.0.12.tgz. Extracting by manifest.
1520 silly tarball no local data for error-ex@https://registry.npmjs.org/error-ex/-/error-ex-1.3.2.tgz. Extracting by manifest.
1521 silly tarball no local data for balanced-match@https://registry.npmjs.org/balanced-match/-/balanced-match-1.0.2.tgz. Extracting by manifest.
1522 silly tarball no local data for to-regex-range@https://registry.npmjs.org/to-regex-range/-/to-regex-range-5.0.1.tgz. Extracting by manifest.
1523 silly tarball no local data for is-core-module@https://registry.npmjs.org/is-core-module/-/is-core-module-2.16.1.tgz. Extracting by manifest.
1524 silly tarball no local data for braces@https://registry.npmjs.org/braces/-/braces-3.0.3.tgz. Extracting by manifest.
1525 silly tarball no local data for fill-range@https://registry.npmjs.org/fill-range/-/fill-range-7.1.1.tgz. Extracting by manifest.
1526 silly tarball no local data for brace-expansion@https://registry.npmjs.org/brace-expansion/-/brace-expansion-1.1.11.tgz. Extracting by manifest.
1527 silly tarball no local data for yallist@https://registry.npmjs.org/yallist/-/yallist-3.1.1.tgz. Extracting by manifest.
1528 silly tarball no local data for sprintf-js@https://registry.npmjs.org/sprintf-js/-/sprintf-js-1.0.3.tgz. Extracting by manifest.
1529 silly tarball no local data for p-locate@https://registry.npmjs.org/p-locate/-/p-locate-4.1.0.tgz. Extracting by manifest.
1530 silly tarball no local data for esprima@https://registry.npmjs.org/esprima/-/esprima-4.0.1.tgz. Extracting by manifest.
1531 silly tarball no local data for @babel/plugin-syntax-typescript@https://registry.npmjs.org/@babel/plugin-syntax-typescript/-/plugin-syntax-typescript-7.25.9.tgz. Extracting by manifest.
1532 silly tarball no local data for argparse@https://registry.npmjs.org/argparse/-/argparse-1.0.10.tgz. Extracting by manifest.
1533 silly tarball no local data for @babel/plugin-syntax-jsx@https://registry.npmjs.org/@babel/plugin-syntax-jsx/-/plugin-syntax-jsx-7.25.9.tgz. Extracting by manifest.
1534 silly tarball no local data for leven@https://registry.npmjs.org/leven/-/leven-3.1.0.tgz. Extracting by manifest.
1535 silly tarball no local data for natural-compare@https://registry.npmjs.org/natural-compare/-/natural-compare-1.4.0.tgz. Extracting by manifest.
1536 silly tarball no local data for supports-preserve-symlinks-flag@https://registry.npmjs.org/supports-preserve-symlinks-flag/-/supports-preserve-symlinks-flag-1.0.0.tgz. Extracting by manifest.
1537 silly tarball no local data for cjs-module-lexer@https://registry.npmjs.org/cjs-module-lexer/-/cjs-module-lexer-1.4.3.tgz. Extracting by manifest.
1538 silly tarball no local data for strip-bom@https://registry.npmjs.org/strip-bom/-/strip-bom-4.0.0.tgz. Extracting by manifest.
1539 silly tarball no local data for callsites@https://registry.npmjs.org/callsites/-/callsites-3.1.0.tgz. Extracting by manifest.
1540 silly tarball no local data for detect-newline@https://registry.npmjs.org/detect-newline/-/detect-newline-3.1.0.tgz. Extracting by manifest.
1541 silly tarball no local data for @jest/source-map@https://registry.npmjs.org/@jest/source-map/-/source-map-29.6.3.tgz. Extracting by manifest.
1542 silly tarball no local data for @jest/globals@https://registry.npmjs.org/@jest/globals/-/globals-29.7.0.tgz. Extracting by manifest.
1543 silly tarball no local data for source-map-support@https://registry.npmjs.org/source-map-support/-/source-map-support-0.5.13.tgz. Extracting by manifest.
1544 silly tarball no local data for jest-docblock@https://registry.npmjs.org/jest-docblock/-/jest-docblock-29.7.0.tgz. Extracting by manifest.
1545 silly tarball no local data for jest-leak-detector@https://registry.npmjs.org/jest-leak-detector/-/jest-leak-detector-29.7.0.tgz. Extracting by manifest.
1546 silly tarball no local data for emittery@https://registry.npmjs.org/emittery/-/emittery-0.13.1.tgz. Extracting by manifest.
1547 silly tarball no local data for jest-pnp-resolver@https://registry.npmjs.org/jest-pnp-resolver/-/jest-pnp-resolver-1.2.3.tgz. Extracting by manifest.
1548 silly tarball no local data for resolve.exports@https://registry.npmjs.org/resolve.exports/-/resolve.exports-2.0.3.tgz. Extracting by manifest.
1549 silly tarball no local data for resolve@https://registry.npmjs.org/resolve/-/resolve-1.22.10.tgz. Extracting by manifest.
1550 silly tarball no local data for diff-sequences@https://registry.npmjs.org/diff-sequences/-/diff-sequences-29.6.3.tgz. Extracting by manifest.
1551 silly tarball no local data for jest-diff@https://registry.npmjs.org/jest-diff/-/jest-diff-29.7.0.tgz. Extracting by manifest.
1552 silly tarball no local data for @types/stack-utils@https://registry.npmjs.org/@types/stack-utils/-/stack-utils-2.0.3.tgz. Extracting by manifest.
1553 silly tarball no local data for node-int64@https://registry.npmjs.org/node-int64/-/node-int64-0.4.0.tgz. Extracting by manifest.
1554 silly tarball no local data for bser@https://registry.npmjs.org/bser/-/bser-2.1.1.tgz. Extracting by manifest.
1555 silly tarball no local data for normalize-path@https://registry.npmjs.org/normalize-path/-/normalize-path-3.0.0.tgz. Extracting by manifest.
1556 silly tarball no local data for picomatch@https://registry.npmjs.org/picomatch/-/picomatch-2.3.1.tgz. Extracting by manifest.
1557 silly tarball no local data for walker@https://registry.npmjs.org/walker/-/walker-1.0.8.tgz. Extracting by manifest.
1558 silly tarball no local data for fb-watchman@https://registry.npmjs.org/fb-watchman/-/fb-watchman-2.0.2.tgz. Extracting by manifest.
1559 silly tarball no local data for anymatch@https://registry.npmjs.org/anymatch/-/anymatch-3.1.3.tgz. Extracting by manifest.
1560 silly tarball no local data for @types/graceful-fs@https://registry.npmjs.org/@types/graceful-fs/-/graceful-fs-4.1.9.tgz. Extracting by manifest.
1561 silly tarball no local data for @jest/expect-utils@https://registry.npmjs.org/@jest/expect-utils/-/expect-utils-29.7.0.tgz. Extracting by manifest.
1562 silly tarball no local data for @sinonjs/commons@https://registry.npmjs.org/@sinonjs/commons/-/commons-3.0.1.tgz. Extracting by manifest.
1563 silly tarball no local data for type-detect@https://registry.npmjs.org/type-detect/-/type-detect-4.0.8.tgz. Extracting by manifest.
1564 silly tarball no local data for @sinonjs/fake-timers@https://registry.npmjs.org/@sinonjs/fake-timers/-/fake-timers-10.3.0.tgz. Extracting by manifest.
1565 silly tarball no local data for jest-mock@https://registry.npmjs.org/jest-mock/-/jest-mock-29.7.0.tgz. Extracting by manifest.
1566 silly tarball no local data for stack-utils@https://registry.npmjs.org/stack-utils/-/stack-utils-2.0.6.tgz. Extracting by manifest.
1567 silly tarball no local data for expect@https://registry.npmjs.org/expect/-/expect-29.7.0.tgz. Extracting by manifest.
1568 silly tarball no local data for @jest/fake-timers@https://registry.npmjs.org/@jest/fake-timers/-/fake-timers-29.7.0.tgz. Extracting by manifest.
1569 silly tarball no local data for jest-matcher-utils@https://registry.npmjs.org/jest-matcher-utils/-/jest-matcher-utils-29.7.0.tgz. Extracting by manifest.
1570 silly tarball no local data for jest-each@https://registry.npmjs.org/jest-each/-/jest-each-29.7.0.tgz. Extracting by manifest.
1571 silly tarball no local data for is-generator-fn@https://registry.npmjs.org/is-generator-fn/-/is-generator-fn-2.1.0.tgz. Extracting by manifest.
1572 silly tarball no local data for dedent@https://registry.npmjs.org/dedent/-/dedent-1.5.3.tgz. Extracting by manifest.
1573 silly tarball no local data for pure-rand@https://registry.npmjs.org/pure-rand/-/pure-rand-6.1.0.tgz. Extracting by manifest.
1574 silly tarball no local data for @jest/environment@https://registry.npmjs.org/@jest/environment/-/environment-29.7.0.tgz. Extracting by manifest.
1575 silly tarball no local data for co@https://registry.npmjs.org/co/-/co-4.6.0.tgz. Extracting by manifest.
1576 silly tarball no local data for @jest/expect@https://registry.npmjs.org/@jest/expect/-/expect-29.7.0.tgz. Extracting by manifest.
1577 silly tarball no local data for @babel/plugin-syntax-top-level-await@https://registry.npmjs.org/@babel/plugin-syntax-top-level-await/-/plugin-syntax-top-level-await-7.14.5.tgz. Extracting by manifest.
1578 silly tarball no local data for @babel/plugin-syntax-optional-chaining@https://registry.npmjs.org/@babel/plugin-syntax-optional-chaining/-/plugin-syntax-optional-chaining-7.8.3.tgz. Extracting by manifest.
1579 silly tarball no local data for @babel/plugin-syntax-optional-catch-binding@https://registry.npmjs.org/@babel/plugin-syntax-optional-catch-binding/-/plugin-syntax-optional-catch-binding-7.8.3.tgz. Extracting by manifest.
1580 silly tarball no local data for @babel/plugin-syntax-object-rest-spread@https://registry.npmjs.org/@babel/plugin-syntax-object-rest-spread/-/plugin-syntax-object-rest-spread-7.8.3.tgz. Extracting by manifest.
1581 silly tarball no local data for @babel/plugin-syntax-numeric-separator@https://registry.npmjs.org/@babel/plugin-syntax-numeric-separator/-/plugin-syntax-numeric-separator-7.10.4.tgz. Extracting by manifest.
1582 silly tarball no local data for @babel/plugin-syntax-nullish-coalescing-operator@https://registry.npmjs.org/@babel/plugin-syntax-nullish-coalescing-operator/-/plugin-syntax-nullish-coalescing-operator-7.8.3.tgz. Extracting by manifest.
1583 silly tarball no local data for @babel/plugin-syntax-private-property-in-object@https://registry.npmjs.org/@babel/plugin-syntax-private-property-in-object/-/plugin-syntax-private-property-in-object-7.14.5.tgz. Extracting by manifest.
1584 silly tarball no local data for @babel/plugin-syntax-json-strings@https://registry.npmjs.org/@babel/plugin-syntax-json-strings/-/plugin-syntax-json-strings-7.8.3.tgz. Extracting by manifest.
1585 silly tarball no local data for @babel/plugin-syntax-import-attributes@https://registry.npmjs.org/@babel/plugin-syntax-import-attributes/-/plugin-syntax-import-attributes-7.26.0.tgz. Extracting by manifest.
1586 silly tarball no local data for @babel/plugin-syntax-logical-assignment-operators@https://registry.npmjs.org/@babel/plugin-syntax-logical-assignment-operators/-/plugin-syntax-logical-assignment-operators-7.10.4.tgz. Extracting by manifest.
1587 silly tarball no local data for @babel/plugin-syntax-import-meta@https://registry.npmjs.org/@babel/plugin-syntax-import-meta/-/plugin-syntax-import-meta-7.10.4.tgz. Extracting by manifest.
1588 silly tarball no local data for @babel/plugin-syntax-bigint@https://registry.npmjs.org/@babel/plugin-syntax-bigint/-/plugin-syntax-bigint-7.8.3.tgz. Extracting by manifest.
1589 silly tarball no local data for babel-preset-current-node-syntax@https://registry.npmjs.org/babel-preset-current-node-syntax/-/babel-preset-current-node-syntax-1.1.0.tgz. Extracting by manifest.
1590 silly tarball no local data for @babel/plugin-syntax-async-generators@https://registry.npmjs.org/@babel/plugin-syntax-async-generators/-/plugin-syntax-async-generators-7.8.4.tgz. Extracting by manifest.
1591 silly tarball no local data for @types/babel__traverse@https://registry.npmjs.org/@types/babel__traverse/-/babel__traverse-7.20.6.tgz. Extracting by manifest.
1592 silly tarball no local data for @types/babel__generator@https://registry.npmjs.org/@types/babel__generator/-/babel__generator-7.6.8.tgz. Extracting by manifest.
1593 silly tarball no local data for babel-preset-jest@https://registry.npmjs.org/babel-preset-jest/-/babel-preset-jest-29.6.3.tgz. Extracting by manifest.
1594 silly tarball no local data for babel-plugin-jest-hoist@https://registry.npmjs.org/babel-plugin-jest-hoist/-/babel-plugin-jest-hoist-29.6.3.tgz. Extracting by manifest.
1595 silly tarball no local data for @babel/plugin-syntax-class-static-block@https://registry.npmjs.org/@babel/plugin-syntax-class-static-block/-/plugin-syntax-class-static-block-7.14.5.tgz. Extracting by manifest.
1596 silly tarball no local data for @types/babel__core@https://registry.npmjs.org/@types/babel__core/-/babel__core-7.20.5.tgz. Extracting by manifest.
1597 silly tarball no local data for @types/babel__template@https://registry.npmjs.org/@types/babel__template/-/babel__template-7.4.4.tgz. Extracting by manifest.
1598 silly tarball no local data for jest-get-type@https://registry.npmjs.org/jest-get-type/-/jest-get-type-29.6.3.tgz. Extracting by manifest.
1599 silly tarball no local data for strip-json-comments@https://registry.npmjs.org/strip-json-comments/-/strip-json-comments-3.1.1.tgz. Extracting by manifest.
1600 silly tarball no local data for deepmerge@https://registry.npmjs.org/deepmerge/-/deepmerge-4.3.1.tgz. Extracting by manifest.
1601 silly tarball no local data for @babel/plugin-syntax-class-properties@https://registry.npmjs.org/@babel/plugin-syntax-class-properties/-/plugin-syntax-class-properties-7.12.13.tgz. Extracting by manifest.
1602 silly tarball no local data for jest-environment-node@https://registry.npmjs.org/jest-environment-node/-/jest-environment-node-29.7.0.tgz. Extracting by manifest.
1603 silly tarball no local data for parse-json@https://registry.npmjs.org/parse-json/-/parse-json-5.2.0.tgz. Extracting by manifest.
1604 silly tarball no local data for @jest/test-sequencer@https://registry.npmjs.org/@jest/test-sequencer/-/test-sequencer-29.7.0.tgz. Extracting by manifest.
1605 silly tarball no local data for babel-jest@https://registry.npmjs.org/babel-jest/-/babel-jest-29.7.0.tgz. Extracting by manifest.
1606 silly tarball no local data for jest-circus@https://registry.npmjs.org/jest-circus/-/jest-circus-29.7.0.tgz. Extracting by manifest.
1607 silly tarball no local data for create-jest@https://registry.npmjs.org/create-jest/-/create-jest-29.7.0.tgz. Extracting by manifest.
1608 silly tarball no local data for yargs@https://registry.npmjs.org/yargs/-/yargs-17.7.2.tgz. Extracting by manifest.
1609 silly tarball no local data for prompts@https://registry.npmjs.org/prompts/-/prompts-2.4.2.tgz. Extracting by manifest.
1610 silly tarball no local data for path-key@https://registry.npmjs.org/path-key/-/path-key-3.1.1.tgz. Extracting by manifest.
1611 silly tarball no local data for which@https://registry.npmjs.org/which/-/which-2.0.2.tgz. Extracting by manifest.
1612 silly tarball no local data for strip-final-newline@https://registry.npmjs.org/strip-final-newline/-/strip-final-newline-2.0.0.tgz. Extracting by manifest.
1613 silly tarball no local data for onetime@https://registry.npmjs.org/onetime/-/onetime-5.1.2.tgz. Extracting by manifest.
1614 silly tarball no local data for shebang-command@https://registry.npmjs.org/shebang-command/-/shebang-command-2.0.0.tgz. Extracting by manifest.
1615 silly tarball no local data for npm-run-path@https://registry.npmjs.org/npm-run-path/-/npm-run-path-4.0.1.tgz. Extracting by manifest.
1616 silly tarball no local data for merge-stream@https://registry.npmjs.org/merge-stream/-/merge-stream-2.0.0.tgz. Extracting by manifest.
1617 silly tarball no local data for signal-exit@https://registry.npmjs.org/signal-exit/-/signal-exit-3.0.7.tgz. Extracting by manifest.
1618 silly tarball no local data for is-stream@https://registry.npmjs.org/is-stream/-/is-stream-2.0.1.tgz. Extracting by manifest.
1619 silly tarball no local data for cross-spawn@https://registry.npmjs.org/cross-spawn/-/cross-spawn-7.0.6.tgz. Extracting by manifest.
1620 silly tarball no local data for human-signals@https://registry.npmjs.org/human-signals/-/human-signals-2.1.0.tgz. Extracting by manifest.
1621 silly tarball no local data for get-stream@https://registry.npmjs.org/get-stream/-/get-stream-6.0.1.tgz. Extracting by manifest.
1622 silly tarball no local data for html-escaper@https://registry.npmjs.org/html-escaper/-/html-escaper-2.0.2.tgz. Extracting by manifest.
1623 silly tarball no local data for p-limit@https://registry.npmjs.org/p-limit/-/p-limit-3.1.0.tgz. Extracting by manifest.
1624 silly tarball no local data for source-map@https://registry.npmjs.org/source-map/-/source-map-0.6.1.tgz. Extracting by manifest.
1625 silly tarball no local data for execa@https://registry.npmjs.org/execa/-/execa-5.1.1.tgz. Extracting by manifest.
1626 silly tarball no local data for make-dir@https://registry.npmjs.org/make-dir/-/make-dir-4.0.0.tgz. Extracting by manifest.
1627 silly tarball no local data for wrappy@https://registry.npmjs.org/wrappy/-/wrappy-1.0.2.tgz. Extracting by manifest.
1628 silly tarball no local data for path-is-absolute@https://registry.npmjs.org/path-is-absolute/-/path-is-absolute-1.0.1.tgz. Extracting by manifest.
1629 silly tarball no local data for pkg-dir@https://registry.npmjs.org/pkg-dir/-/pkg-dir-4.2.0.tgz. Extracting by manifest.
1630 silly tarball no local data for inherits@https://registry.npmjs.org/inherits/-/inherits-2.0.4.tgz. Extracting by manifest.
1631 silly tarball no local data for minimatch@https://registry.npmjs.org/minimatch/-/minimatch-3.1.2.tgz. Extracting by manifest.
1632 silly tarball no local data for once@https://registry.npmjs.org/once/-/once-1.4.0.tgz. Extracting by manifest.
1633 silly tarball no local data for inflight@https://registry.npmjs.org/inflight/-/inflight-1.0.6.tgz. Extracting by manifest.
1634 silly tarball no local data for path-exists@https://registry.npmjs.org/path-exists/-/path-exists-4.0.0.tgz. Extracting by manifest.
1635 silly tarball no local data for resolve-cwd@https://registry.npmjs.org/resolve-cwd/-/resolve-cwd-3.0.0.tgz. Extracting by manifest.
1636 silly tarball no local data for ms@https://registry.npmjs.org/ms/-/ms-2.1.3.tgz. Extracting by manifest.
1637 silly tarball no local data for color-name@https://registry.npmjs.org/color-name/-/color-name-1.1.4.tgz. Extracting by manifest.
1638 silly tarball no local data for supports-color@https://registry.npmjs.org/supports-color/-/supports-color-7.2.0.tgz. Extracting by manifest.
1639 silly tarball no local data for update-browserslist-db@https://registry.npmjs.org/update-browserslist-db/-/update-browserslist-db-1.1.3.tgz. Extracting by manifest.
1640 silly tarball no local data for color-convert@https://registry.npmjs.org/color-convert/-/color-convert-2.0.1.tgz. Extracting by manifest.
1641 silly tarball no local data for ansi-styles@https://registry.npmjs.org/ansi-styles/-/ansi-styles-4.3.0.tgz. Extracting by manifest.
1642 silly tarball no local data for node-releases@https://registry.npmjs.org/node-releases/-/node-releases-2.0.19.tgz. Extracting by manifest.
1643 silly tarball no local data for locate-path@https://registry.npmjs.org/locate-path/-/locate-path-5.0.0.tgz. Extracting by manifest.
1644 silly tarball no local data for resolve-from@https://registry.npmjs.org/resolve-from/-/resolve-from-5.0.0.tgz. Extracting by manifest.
1645 silly tarball no local data for electron-to-chromium@https://registry.npmjs.org/electron-to-chromium/-/electron-to-chromium-1.5.118.tgz. Extracting by manifest.
1646 silly tarball no local data for fs.realpath@https://registry.npmjs.org/fs.realpath/-/fs.realpath-1.0.0.tgz. Extracting by manifest.
1647 silly tarball no local data for get-package-type@https://registry.npmjs.org/get-package-type/-/get-package-type-0.1.0.tgz. Extracting by manifest.
1648 silly tarball no local data for find-up@https://registry.npmjs.org/find-up/-/find-up-4.1.0.tgz. Extracting by manifest.
1649 silly tarball no local data for js-yaml@https://registry.npmjs.org/js-yaml/-/js-yaml-3.14.1.tgz. Extracting by manifest.
1650 silly tarball no local data for @istanbuljs/schema@https://registry.npmjs.org/@istanbuljs/schema/-/schema-0.1.3.tgz. Extracting by manifest.
1651 silly tarball no local data for test-exclude@https://registry.npmjs.org/test-exclude/-/test-exclude-6.0.0.tgz. Extracting by manifest.
1652 silly tarball no local data for @istanbuljs/load-nyc-config@https://registry.npmjs.org/@istanbuljs/load-nyc-config/-/load-nyc-config-1.1.0.tgz. Extracting by manifest.
1653 silly tarball no local data for type-fest@https://registry.npmjs.org/type-fest/-/type-fest-0.21.3.tgz. Extracting by manifest.
1654 silly tarball no local data for caniuse-lite@https://registry.npmjs.org/caniuse-lite/-/caniuse-lite-1.0.30001704.tgz. Extracting by manifest.
1655 silly tarball no local data for @babel/helper-plugin-utils@https://registry.npmjs.org/@babel/helper-plugin-utils/-/helper-plugin-utils-7.26.5.tgz. Extracting by manifest.
1656 silly tarball no local data for @types/yargs-parser@https://registry.npmjs.org/@types/yargs-parser/-/yargs-parser-21.0.3.tgz. Extracting by manifest.
1657 silly tarball no local data for undici-types@https://registry.npmjs.org/undici-types/-/undici-types-6.20.0.tgz. Extracting by manifest.
1658 silly tarball no local data for camelcase@https://registry.npmjs.org/camelcase/-/camelcase-5.3.1.tgz. Extracting by manifest.
1659 silly tarball no local data for @jridgewell/resolve-uri@https://registry.npmjs.org/@jridgewell/resolve-uri/-/resolve-uri-3.1.2.tgz. Extracting by manifest.
1660 silly tarball no local data for @types/istanbul-lib-report@https://registry.npmjs.org/@types/istanbul-lib-report/-/istanbul-lib-report-3.0.3.tgz. Extracting by manifest.
1661 silly tarball no local data for @types/yargs@https://registry.npmjs.org/@types/yargs/-/yargs-17.0.33.tgz. Extracting by manifest.
1662 silly tarball no local data for @jridgewell/sourcemap-codec@https://registry.npmjs.org/@jridgewell/sourcemap-codec/-/sourcemap-codec-1.5.0.tgz. Extracting by manifest.
1663 silly tarball no local data for @jridgewell/set-array@https://registry.npmjs.org/@jridgewell/set-array/-/set-array-1.2.1.tgz. Extracting by manifest.
1664 silly tarball no local data for @sinclair/typebox@https://registry.npmjs.org/@sinclair/typebox/-/typebox-0.27.8.tgz. Extracting by manifest.
1665 silly tarball no local data for @jest/schemas@https://registry.npmjs.org/@jest/schemas/-/schemas-29.6.3.tgz. Extracting by manifest.
1666 silly tarball no local data for globals@https://registry.npmjs.org/globals/-/globals-11.12.0.tgz. Extracting by manifest.
1667 silly tarball no local data for @babel/helper-string-parser@https://registry.npmjs.org/@babel/helper-string-parser/-/helper-string-parser-7.25.9.tgz. Extracting by manifest.
1668 silly tarball no local data for browserslist@https://registry.npmjs.org/browserslist/-/browserslist-4.24.4.tgz. Extracting by manifest.
1669 silly tarball no local data for lru-cache@https://registry.npmjs.org/lru-cache/-/lru-cache-5.1.1.tgz. Extracting by manifest.
1670 silly tarball no local data for @babel/compat-data@https://registry.npmjs.org/@babel/compat-data/-/compat-data-7.26.8.tgz. Extracting by manifest.
1671 silly tarball no local data for picocolors@https://registry.npmjs.org/picocolors/-/picocolors-1.1.1.tgz. Extracting by manifest.
1672 silly tarball no local data for jsesc@https://registry.npmjs.org/jsesc/-/jsesc-3.1.0.tgz. Extracting by manifest.
1673 silly tarball no local data for @babel/helper-validator-option@https://registry.npmjs.org/@babel/helper-validator-option/-/helper-validator-option-7.25.9.tgz. Extracting by manifest.
1674 silly tarball no local data for js-tokens@https://registry.npmjs.org/js-tokens/-/js-tokens-4.0.0.tgz. Extracting by manifest.
1675 silly tarball no local data for @babel/helper-module-imports@https://registry.npmjs.org/@babel/helper-module-imports/-/helper-module-imports-7.25.9.tgz. Extracting by manifest.
1676 silly tarball no local data for semver@https://registry.npmjs.org/semver/-/semver-6.3.1.tgz. Extracting by manifest.
1677 silly tarball no local data for @types/istanbul-reports@https://registry.npmjs.org/@types/istanbul-reports/-/istanbul-reports-3.0.4.tgz. Extracting by manifest.
1678 silly tarball no local data for gensync@https://registry.npmjs.org/gensync/-/gensync-1.0.0-beta.2.tgz. Extracting by manifest.
1679 silly tarball no local data for debug@https://registry.npmjs.org/debug/-/debug-4.4.0.tgz. Extracting by manifest.
1680 silly tarball no local data for json5@https://registry.npmjs.org/json5/-/json5-2.2.3.tgz. Extracting by manifest.
1681 silly tarball no local data for @babel/traverse@https://registry.npmjs.org/@babel/traverse/-/traverse-7.26.10.tgz. Extracting by manifest.
1682 silly tarball no local data for @babel/template@https://registry.npmjs.org/@babel/template/-/template-7.26.9.tgz. Extracting by manifest.
1683 silly tarball no local data for @babel/parser@https://registry.npmjs.org/@babel/parser/-/parser-7.26.10.tgz. Extracting by manifest.
1684 silly tarball no local data for @babel/helpers@https://registry.npmjs.org/@babel/helpers/-/helpers-7.26.10.tgz. Extracting by manifest.
1685 silly tarball no local data for @babel/generator@https://registry.npmjs.org/@babel/generator/-/generator-7.26.10.tgz. Extracting by manifest.
1686 silly tarball no local data for @jridgewell/gen-mapping@https://registry.npmjs.org/@jridgewell/gen-mapping/-/gen-mapping-0.3.8.tgz. Extracting by manifest.
1687 silly tarball no local data for @babel/helper-compilation-targets@https://registry.npmjs.org/@babel/helper-compilation-targets/-/helper-compilation-targets-7.26.5.tgz. Extracting by manifest.
1688 silly tarball no local data for @babel/helper-module-transforms@https://registry.npmjs.org/@babel/helper-module-transforms/-/helper-module-transforms-7.26.0.tgz. Extracting by manifest.
1689 silly tarball no local data for @ampproject/remapping@https://registry.npmjs.org/@ampproject/remapping/-/remapping-2.3.0.tgz. Extracting by manifest.
1690 silly tarball no local data for @babel/code-frame@https://registry.npmjs.org/@babel/code-frame/-/code-frame-7.26.2.tgz. Extracting by manifest.
1691 silly tarball no local data for convert-source-map@https://registry.npmjs.org/convert-source-map/-/convert-source-map-2.0.0.tgz. Extracting by manifest.
1692 silly tarball no local data for babel-plugin-istanbul@https://registry.npmjs.org/babel-plugin-istanbul/-/babel-plugin-istanbul-6.1.1.tgz. Extracting by manifest.
1693 silly tarball no local data for @babel/helper-validator-identifier@https://registry.npmjs.org/@babel/helper-validator-identifier/-/helper-validator-identifier-7.25.9.tgz. Extracting by manifest.
1694 silly tarball no local data for pirates@https://registry.npmjs.org/pirates/-/pirates-4.0.6.tgz. Extracting by manifest.
1695 silly tarball no local data for @types/istanbul-lib-coverage@https://registry.npmjs.org/@types/istanbul-lib-coverage/-/istanbul-lib-coverage-2.0.6.tgz. Extracting by manifest.
1696 silly tarball no local data for fast-json-stable-stringify@https://registry.npmjs.org/fast-json-stable-stringify/-/fast-json-stable-stringify-2.1.0.tgz. Extracting by manifest.
1697 silly tarball no local data for write-file-atomic@https://registry.npmjs.org/write-file-atomic/-/write-file-atomic-4.0.2.tgz. Extracting by manifest.
1698 silly tarball no local data for @babel/core@https://registry.npmjs.org/@babel/core/-/core-7.26.10.tgz. Extracting by manifest.
1699 silly tarball no local data for istanbul-reports@https://registry.npmjs.org/istanbul-reports/-/istanbul-reports-3.1.7.tgz. Extracting by manifest.
1700 silly tarball no local data for v8-to-istanbul@https://registry.npmjs.org/v8-to-istanbul/-/v8-to-istanbul-9.3.0.tgz. Extracting by manifest.
1701 silly tarball no local data for istanbul-lib-source-maps@https://registry.npmjs.org/istanbul-lib-source-maps/-/istanbul-lib-source-maps-4.0.1.tgz. Extracting by manifest.
1702 silly tarball no local data for string-length@https://registry.npmjs.org/string-length/-/string-length-4.0.2.tgz. Extracting by manifest.
1703 silly tarball no local data for jest-worker@https://registry.npmjs.org/jest-worker/-/jest-worker-29.7.0.tgz. Extracting by manifest.
1704 silly tarball no local data for istanbul-lib-report@https://registry.npmjs.org/istanbul-lib-report/-/istanbul-lib-report-3.0.1.tgz. Extracting by manifest.
1705 silly tarball no local data for glob@https://registry.npmjs.org/glob/-/glob-7.2.3.tgz. Extracting by manifest.
1706 silly tarball no local data for collect-v8-coverage@https://registry.npmjs.org/collect-v8-coverage/-/collect-v8-coverage-1.0.2.tgz. Extracting by manifest.
1707 silly tarball no local data for istanbul-lib-instrument@https://registry.npmjs.org/istanbul-lib-instrument/-/istanbul-lib-instrument-6.0.3.tgz. Extracting by manifest.
1708 silly tarball no local data for strip-ansi@https://registry.npmjs.org/strip-ansi/-/strip-ansi-6.0.1.tgz. Extracting by manifest.
1709 silly tarball no local data for istanbul-lib-coverage@https://registry.npmjs.org/istanbul-lib-coverage/-/istanbul-lib-coverage-3.2.2.tgz. Extracting by manifest.
1710 silly tarball no local data for @bcoe/v8-coverage@https://registry.npmjs.org/@bcoe/v8-coverage/-/v8-coverage-0.2.3.tgz. Extracting by manifest.
1711 silly tarball no local data for pretty-format@https://registry.npmjs.org/pretty-format/-/pretty-format-29.7.0.tgz. Extracting by manifest.
1712 silly tarball no local data for @jridgewell/trace-mapping@https://registry.npmjs.org/@jridgewell/trace-mapping/-/trace-mapping-0.3.25.tgz. Extracting by manifest.
1713 silly tarball no local data for slash@https://registry.npmjs.org/slash/-/slash-3.0.0.tgz. Extracting by manifest.
1714 silly tarball no local data for micromatch@https://registry.npmjs.org/micromatch/-/micromatch-4.0.8.tgz. Extracting by manifest.
1715 silly tarball no local data for jest-validate@https://registry.npmjs.org/jest-validate/-/jest-validate-29.7.0.tgz. Extracting by manifest.
1716 silly tarball no local data for jest-watcher@https://registry.npmjs.org/jest-watcher/-/jest-watcher-29.7.0.tgz. Extracting by manifest.
1717 silly tarball no local data for jest-runtime@https://registry.npmjs.org/jest-runtime/-/jest-runtime-29.7.0.tgz. Extracting by manifest.
1718 silly tarball no local data for jest-snapshot@https://registry.npmjs.org/jest-snapshot/-/jest-snapshot-29.7.0.tgz. Extracting by manifest.
1719 silly tarball no local data for jest-resolve-dependencies@https://registry.npmjs.org/jest-resolve-dependencies/-/jest-resolve-dependencies-29.7.0.tgz. Extracting by manifest.
1720 silly tarball no local data for jest-util@https://registry.npmjs.org/jest-util/-/jest-util-29.7.0.tgz. Extracting by manifest.
1721 silly tarball no local data for jest-resolve@https://registry.npmjs.org/jest-resolve/-/jest-resolve-29.7.0.tgz. Extracting by manifest.
1722 silly tarball no local data for jest-regex-util@https://registry.npmjs.org/jest-regex-util/-/jest-regex-util-29.6.3.tgz. Extracting by manifest.
1723 silly tarball no local data for exit@https://registry.npmjs.org/exit/-/exit-0.1.2.tgz. Extracting by manifest.
1724 silly tarball no local data for jest-runner@https://registry.npmjs.org/jest-runner/-/jest-runner-29.7.0.tgz. Extracting by manifest.
1725 silly tarball no local data for jest-message-util@https://registry.npmjs.org/jest-message-util/-/jest-message-util-29.7.0.tgz. Extracting by manifest.
1726 silly tarball no local data for graceful-fs@https://registry.npmjs.org/graceful-fs/-/graceful-fs-4.2.11.tgz. Extracting by manifest.
1727 silly tarball no local data for jest-haste-map@https://registry.npmjs.org/jest-haste-map/-/jest-haste-map-29.7.0.tgz. Extracting by manifest.
1728 silly tarball no local data for chalk@https://registry.npmjs.org/chalk/-/chalk-4.1.2.tgz. Extracting by manifest.
1729 silly tarball no local data for jest-changed-files@https://registry.npmjs.org/jest-changed-files/-/jest-changed-files-29.7.0.tgz. Extracting by manifest.
1730 silly tarball no local data for jest-config@https://registry.npmjs.org/jest-config/-/jest-config-29.7.0.tgz. Extracting by manifest.
1731 silly tarball no local data for @babel/types@https://registry.npmjs.org/@babel/types/-/types-7.26.10.tgz. Extracting by manifest.
1732 silly tarball no local data for @jest/test-result@https://registry.npmjs.org/@jest/test-result/-/test-result-29.7.0.tgz. Extracting by manifest.
1733 silly tarball no local data for ci-info@https://registry.npmjs.org/ci-info/-/ci-info-3.9.0.tgz. Extracting by manifest.
1734 silly tarball no local data for ansi-escapes@https://registry.npmjs.org/ansi-escapes/-/ansi-escapes-4.3.2.tgz. Extracting by manifest.
1735 silly tarball no local data for @types/node@https://registry.npmjs.org/@types/node/-/node-22.13.10.tgz. Extracting by manifest.
1736 silly tarball no local data for @jest/reporters@https://registry.npmjs.org/@jest/reporters/-/reporters-29.7.0.tgz. Extracting by manifest.
1737 silly tarball no local data for @jest/console@https://registry.npmjs.org/@jest/console/-/console-29.7.0.tgz. Extracting by manifest.
1738 silly tarball no local data for jest-cli@https://registry.npmjs.org/jest-cli/-/jest-cli-29.7.0.tgz. Extracting by manifest.
1739 silly tarball no local data for import-local@https://registry.npmjs.org/import-local/-/import-local-3.2.0.tgz. Extracting by manifest.
1740 silly tarball no local data for @jest/core@https://registry.npmjs.org/@jest/core/-/core-29.7.0.tgz. Extracting by manifest.
1741 silly tarball no local data for @jest/transform@https://registry.npmjs.org/@jest/transform/-/transform-29.7.0.tgz. Extracting by manifest.
1742 silly tarball no local data for jest@https://registry.npmjs.org/jest/-/jest-29.7.0.tgz. Extracting by manifest.
1743 silly tarball no local data for supports-color@https://registry.npmjs.org/supports-color/-/supports-color-8.1.1.tgz. Extracting by manifest.
1744 silly tarball no local data for p-limit@https://registry.npmjs.org/p-limit/-/p-limit-2.3.0.tgz. Extracting by manifest.
1745 silly tarball no local data for semver@https://registry.npmjs.org/semver/-/semver-7.7.1.tgz. Extracting by manifest.
1746 silly tarball no local data for istanbul-lib-instrument@https://registry.npmjs.org/istanbul-lib-instrument/-/istanbul-lib-instrument-5.2.1.tgz. Extracting by manifest.
1747 silly tarball no local data for camelcase@https://registry.npmjs.org/camelcase/-/camelcase-6.3.0.tgz. Extracting by manifest.
1748 silly tarball no local data for @jest/types@https://registry.npmjs.org/@jest/types/-/types-29.6.3.tgz. Extracting by manifest.
1749 silly tarball no local data for semver@https://registry.npmjs.org/semver/-/semver-7.7.1.tgz. Extracting by manifest.
1750 silly tarball no local data for ansi-styles@https://registry.npmjs.org/ansi-styles/-/ansi-styles-5.2.0.tgz. Extracting by manifest.
1751 silly tarball no local data for semver@https://registry.npmjs.org/semver/-/semver-7.7.1.tgz. Extracting by manifest.
1752 http fetch GET 200 https://registry.npmjs.org/emoji-regex/-/emoji-regex-8.0.0.tgz 1941ms (cache miss)
1753 http fetch GET 200 https://registry.npmjs.org/string-width/-/string-width-4.2.3.tgz 1926ms (cache miss)
1754 http fetch GET 200 https://registry.npmjs.org/p-try/-/p-try-2.2.0.tgz 2013ms (cache miss)
1755 http fetch GET 200 https://registry.npmjs.org/wrap-ansi/-/wrap-ansi-7.0.0.tgz 2007ms (cache miss)
1756 http fetch GET 200 https://registry.npmjs.org/y18n/-/y18n-5.0.8.tgz 1998ms (cache miss)
1757 http fetch GET 200 https://registry.npmjs.org/ansi-regex/-/ansi-regex-5.0.1.tgz 2105ms (cache miss)
1758 http fetch GET 200 https://registry.npmjs.org/function-bind/-/function-bind-1.1.2.tgz 2218ms (cache miss)
1759 http fetch GET 200 https://registry.npmjs.org/shebang-regex/-/shebang-regex-3.0.0.tgz 2217ms (cache miss)
1760 http fetch GET 200 https://registry.npmjs.org/is-fullwidth-code-point/-/is-fullwidth-code-point-3.0.0.tgz 2268ms (cache miss)
1761 http fetch GET 200 https://registry.npmjs.org/char-regex/-/char-regex-1.0.2.tgz 2352ms (cache miss)
1762 http fetch GET 200 https://registry.npmjs.org/buffer-from/-/buffer-from-1.1.2.tgz 2349ms (cache miss)
1763 http fetch GET 200 https://registry.npmjs.org/path-parse/-/path-parse-1.0.7.tgz 2745ms (cache miss)
1764 http fetch GET 200 https://registry.npmjs.org/escape-string-regexp/-/escape-string-regexp-2.0.0.tgz 2739ms (cache miss)
1765 http fetch GET 200 https://registry.npmjs.org/lines-and-columns/-/lines-and-columns-1.2.4.tgz 2731ms (cache miss)
1766 http fetch GET 200 https://registry.npmjs.org/tmpl/-/tmpl-1.0.5.tgz 2737ms (cache miss)
1767 http fetch GET 200 https://registry.npmjs.org/hasown/-/hasown-2.0.2.tgz 2753ms (cache miss)
1768 http fetch GET 200 https://registry.npmjs.org/sisteransi/-/sisteransi-1.0.5.tgz 2740ms (cache miss)
1769 http fetch GET 200 https://registry.npmjs.org/yocto-queue/-/yocto-queue-0.1.0.tgz 2734ms (cache miss)
1770 http fetch GET 200 https://registry.npmjs.org/is-arrayish/-/is-arrayish-0.2.1.tgz 2734ms (cache miss)
1771 http fetch GET 200 https://registry.npmjs.org/yargs-parser/-/yargs-parser-21.1.1.tgz 2806ms (cache miss)
1772 http fetch GET 200 https://registry.npmjs.org/concat-map/-/concat-map-0.0.1.tgz 2734ms (cache miss)
1773 http fetch GET 200 https://registry.npmjs.org/makeerror/-/makeerror-1.0.12.tgz 2852ms (cache miss)
1774 http fetch GET 200 https://registry.npmjs.org/json-parse-even-better-errors/-/json-parse-even-better-errors-2.3.1.tgz 2864ms (cache miss)
1775 http fetch GET 200 https://registry.npmjs.org/error-ex/-/error-ex-1.3.2.tgz 2951ms (cache miss)
1776 http fetch GET 200 https://registry.npmjs.org/is-core-module/-/is-core-module-2.16.1.tgz 2941ms (cache miss)
1777 http fetch GET 200 https://registry.npmjs.org/kleur/-/kleur-3.0.3.tgz 3166ms (cache miss)
1778 http fetch GET 200 https://registry.npmjs.org/mimic-fn/-/mimic-fn-2.1.0.tgz 3157ms (cache miss)
1779 http fetch GET 200 https://registry.npmjs.org/react-is/-/react-is-18.3.1.tgz 3170ms (cache miss)
1780 http fetch GET 200 https://registry.npmjs.org/braces/-/braces-3.0.3.tgz 3135ms (cache miss)
1781 http fetch GET 200 https://registry.npmjs.org/to-regex-range/-/to-regex-range-5.0.1.tgz 3353ms (cache miss)
1782 http fetch GET 200 https://registry.npmjs.org/balanced-match/-/balanced-match-1.0.2.tgz 3356ms (cache miss)
1783 http fetch GET 200 https://registry.npmjs.org/is-number/-/is-number-7.0.0.tgz 3519ms (cache miss)
1784 http fetch GET 200 https://registry.npmjs.org/brace-expansion/-/brace-expansion-1.1.11.tgz 3449ms (cache miss)
1785 http fetch GET 200 https://registry.npmjs.org/has-flag/-/has-flag-4.0.0.tgz 3522ms (cache miss)
1786 http fetch GET 200 https://registry.npmjs.org/imurmurhash/-/imurmurhash-0.1.4.tgz 3746ms (cache miss)
1787 http fetch GET 200 https://registry.npmjs.org/get-caller-file/-/get-caller-file-2.0.5.tgz 3756ms (cache miss)
1788 http fetch GET 200 https://registry.npmjs.org/require-directory/-/require-directory-2.1.1.tgz 3744ms (cache miss)
1789 http fetch GET 200 https://registry.npmjs.org/p-locate/-/p-locate-4.1.0.tgz 3665ms (cache miss)
1790 http fetch GET 200 https://registry.npmjs.org/@babel/plugin-syntax-jsx/-/plugin-syntax-jsx-7.25.9.tgz 3656ms (cache miss)
1791 http fetch GET 200 https://registry.npmjs.org/@babel/plugin-syntax-typescript/-/plugin-syntax-typescript-7.25.9.tgz 3667ms (cache miss)
1792 http fetch GET 200 https://registry.npmjs.org/detect-newline/-/detect-newline-3.1.0.tgz 3650ms (cache miss)
1793 http fetch GET 200 https://registry.npmjs.org/jest-docblock/-/jest-docblock-29.7.0.tgz 3648ms (cache miss)
1794 http fetch GET 200 https://registry.npmjs.org/emittery/-/emittery-0.13.1.tgz 3647ms (cache miss)
1795 http fetch GET 200 https://registry.npmjs.org/@jest/source-map/-/source-map-29.6.3.tgz 3652ms (cache miss)
1796 http fetch GET 200 https://registry.npmjs.org/jest-leak-detector/-/jest-leak-detector-29.7.0.tgz 3664ms (cache miss)
1797 http fetch GET 200 https://registry.npmjs.org/escalade/-/escalade-3.2.0.tgz 3856ms (cache miss)
1798 http fetch GET 200 https://registry.npmjs.org/fill-range/-/fill-range-7.1.1.tgz 3787ms (cache miss)
1799 http fetch GET 200 https://registry.npmjs.org/strip-bom/-/strip-bom-4.0.0.tgz 3760ms (cache miss)
1800 http fetch GET 200 https://registry.npmjs.org/node-int64/-/node-int64-0.4.0.tgz 3728ms (cache miss)
1801 http fetch GET 200 https://registry.npmjs.org/yallist/-/yallist-3.1.1.tgz 4058ms (cache miss)
1802 http fetch GET 200 https://registry.npmjs.org/leven/-/leven-3.1.0.tgz 4039ms (cache miss)
1803 http fetch GET 200 https://registry.npmjs.org/natural-compare/-/natural-compare-1.4.0.tgz 4041ms (cache miss)
1804 http fetch GET 200 https://registry.npmjs.org/@jest/globals/-/globals-29.7.0.tgz 4033ms (cache miss)
1805 http fetch GET 200 https://registry.npmjs.org/jest-pnp-resolver/-/jest-pnp-resolver-1.2.3.tgz 4030ms (cache miss)
1806 http fetch GET 200 https://registry.npmjs.org/anymatch/-/anymatch-3.1.3.tgz 3985ms (cache miss)
1807 http fetch GET 200 https://registry.npmjs.org/@types/graceful-fs/-/graceful-fs-4.1.9.tgz 3989ms (cache miss)
1808 http fetch GET 200 https://registry.npmjs.org/isexe/-/isexe-2.0.0.tgz 4285ms (cache miss)
1809 http fetch GET 200 https://registry.npmjs.org/callsites/-/callsites-3.1.0.tgz 4187ms (cache miss)
1810 http fetch GET 200 https://registry.npmjs.org/supports-preserve-symlinks-flag/-/supports-preserve-symlinks-flag-1.0.0.tgz 4195ms (cache miss)
1811 http fetch GET 200 https://registry.npmjs.org/is-generator-fn/-/is-generator-fn-2.1.0.tgz 4134ms (cache miss)
1812 http fetch GET 200 https://registry.npmjs.org/normalize-path/-/normalize-path-3.0.0.tgz 4351ms (cache miss)
1813 http fetch GET 200 https://registry.npmjs.org/@types/stack-utils/-/stack-utils-2.0.3.tgz 4360ms (cache miss)
1814 http fetch GET 200 https://registry.npmjs.org/@sinonjs/commons/-/commons-3.0.1.tgz 4341ms (cache miss)
1815 http fetch GET 200 https://registry.npmjs.org/@jest/expect-utils/-/expect-utils-29.7.0.tgz 4345ms (cache miss)
1816 http fetch GET 200 https://registry.npmjs.org/@jest/environment/-/environment-29.7.0.tgz 4329ms (cache miss)
1817 http fetch GET 200 https://registry.npmjs.org/cliui/-/cliui-8.0.1.tgz 4700ms (cache miss)
1818 http fetch GET 200 https://registry.npmjs.org/stack-utils/-/stack-utils-2.0.6.tgz 4537ms (cache miss)
1819 http fetch GET 200 https://registry.npmjs.org/@babel/plugin-syntax-optional-chaining/-/plugin-syntax-optional-chaining-7.8.3.tgz 4519ms (cache miss)
1820 http fetch GET 200 https://registry.npmjs.org/@babel/plugin-syntax-object-rest-spread/-/plugin-syntax-object-rest-spread-7.8.3.tgz 4500ms (cache miss)
1821 http fetch GET 200 https://registry.npmjs.org/@babel/plugin-syntax-optional-catch-binding/-/plugin-syntax-optional-catch-binding-7.8.3.tgz 4527ms (cache miss)
1822 http fetch GET 200 https://registry.npmjs.org/@babel/plugin-syntax-import-attributes/-/plugin-syntax-import-attributes-7.26.0.tgz 4496ms (cache miss)
1823 http fetch GET 200 https://registry.npmjs.org/co/-/co-4.6.0.tgz 4684ms (cache miss)
1824 http fetch GET 200 https://registry.npmjs.org/@jest/expect/-/expect-29.7.0.tgz 4685ms (cache miss)
1825 http fetch GET 200 https://registry.npmjs.org/@babel/plugin-syntax-json-strings/-/plugin-syntax-json-strings-7.8.3.tgz 4644ms (cache miss)
1826 http fetch GET 200 https://registry.npmjs.org/@babel/plugin-syntax-logical-assignment-operators/-/plugin-syntax-logical-assignment-operators-7.10.4.tgz 4643ms (cache miss)
1827 http fetch GET 200 https://registry.npmjs.org/babel-preset-current-node-syntax/-/babel-preset-current-node-syntax-1.1.0.tgz 4641ms (cache miss)
1828 http fetch GET 200 https://registry.npmjs.org/@babel/plugin-syntax-import-meta/-/plugin-syntax-import-meta-7.10.4.tgz 4651ms (cache miss)
1829 http fetch GET 200 https://registry.npmjs.org/cjs-module-lexer/-/cjs-module-lexer-1.4.3.tgz 4942ms (cache miss)
1830 http fetch GET 200 https://registry.npmjs.org/bser/-/bser-2.1.1.tgz 4898ms (cache miss)
1831 http fetch GET 200 https://registry.npmjs.org/@babel/plugin-syntax-top-level-await/-/plugin-syntax-top-level-await-7.14.5.tgz 4891ms (cache miss)
1832 http fetch GET 200 https://registry.npmjs.org/@babel/plugin-syntax-nullish-coalescing-operator/-/plugin-syntax-nullish-coalescing-operator-7.8.3.tgz 4863ms (cache miss)
1833 http fetch GET 200 https://registry.npmjs.org/babel-preset-jest/-/babel-preset-jest-29.6.3.tgz 4836ms (cache miss)
1834 http fetch GET 200 https://registry.npmjs.org/babel-plugin-jest-hoist/-/babel-plugin-jest-hoist-29.6.3.tgz 4842ms (cache miss)
1835 http fetch GET 200 https://registry.npmjs.org/@babel/plugin-syntax-class-static-block/-/plugin-syntax-class-static-block-7.14.5.tgz 4849ms (cache miss)
1836 http fetch GET 200 https://registry.npmjs.org/@babel/plugin-syntax-numeric-separator/-/plugin-syntax-numeric-separator-7.10.4.tgz 4889ms (cache miss)
1837 http fetch GET 200 https://registry.npmjs.org/@types/babel__core/-/babel__core-7.20.5.tgz 4861ms (cache miss)
1838 http fetch GET 200 https://registry.npmjs.org/strip-json-comments/-/strip-json-comments-3.1.1.tgz 4860ms (cache miss)
1839 http fetch GET 200 https://registry.npmjs.org/walker/-/walker-1.0.8.tgz 5272ms (cache miss)
1840 http fetch GET 200 https://registry.npmjs.org/dedent/-/dedent-1.5.3.tgz 5255ms (cache miss)
1841 http fetch GET 200 https://registry.npmjs.org/jest-get-type/-/jest-get-type-29.6.3.tgz 5190ms (cache miss)
1842 http fetch GET 200 https://registry.npmjs.org/@babel/plugin-syntax-private-property-in-object/-/plugin-syntax-private-property-in-object-7.14.5.tgz 5221ms (cache miss)
1843 http fetch GET 200 https://registry.npmjs.org/@babel/plugin-syntax-async-generators/-/plugin-syntax-async-generators-7.8.4.tgz 5202ms (cache miss)
1844 http fetch GET 200 https://registry.npmjs.org/@types/babel__template/-/babel__template-7.4.4.tgz 5195ms (cache miss)
1845 http fetch GET 200 https://registry.npmjs.org/parse-json/-/parse-json-5.2.0.tgz 5183ms (cache miss)
1846 http fetch GET 200 https://registry.npmjs.org/@babel/plugin-syntax-class-properties/-/plugin-syntax-class-properties-7.12.13.tgz 5190ms (cache miss)
1847 http fetch GET 200 https://registry.npmjs.org/deepmerge/-/deepmerge-4.3.1.tgz 5194ms (cache miss)
1848 http fetch GET 200 https://registry.npmjs.org/fb-watchman/-/fb-watchman-2.0.2.tgz 5872ms (cache miss)
1849 http fetch GET 200 https://registry.npmjs.org/create-jest/-/create-jest-29.7.0.tgz 5802ms (cache miss)
1850 http fetch GET 200 https://registry.npmjs.org/shebang-command/-/shebang-command-2.0.0.tgz 5795ms (cache miss)
1851 http fetch GET 200 https://registry.npmjs.org/type-detect/-/type-detect-4.0.8.tgz 6210ms (cache miss)
1852 http fetch GET 200 https://registry.npmjs.org/jest-diff/-/jest-diff-29.7.0.tgz 6245ms (cache miss)
1853 http fetch GET 200 https://registry.npmjs.org/@babel/plugin-syntax-bigint/-/plugin-syntax-bigint-7.8.3.tgz 6161ms (cache miss)
1854 http fetch GET 200 https://registry.npmjs.org/jest-environment-node/-/jest-environment-node-29.7.0.tgz 6144ms (cache miss)
1855 http fetch GET 200 https://registry.npmjs.org/@jest/fake-timers/-/fake-timers-29.7.0.tgz 6229ms (cache miss)
1856 http fetch GET 200 https://registry.npmjs.org/signal-exit/-/signal-exit-3.0.7.tgz 6107ms (cache miss)
1857 http fetch GET 200 https://registry.npmjs.org/is-stream/-/is-stream-2.0.1.tgz 6108ms (cache miss)
1858 http fetch GET 200 https://registry.npmjs.org/resolve.exports/-/resolve.exports-2.0.3.tgz 6662ms (cache miss)
1859 http fetch GET 200 https://registry.npmjs.org/@jest/test-sequencer/-/test-sequencer-29.7.0.tgz 6543ms (cache miss)
1860 http fetch GET 200 https://registry.npmjs.org/@types/babel__generator/-/babel__generator-7.6.8.tgz 6566ms (cache miss)
1861 http fetch GET 200 https://registry.npmjs.org/path-key/-/path-key-3.1.1.tgz 6519ms (cache miss)
1862 http fetch GET 200 https://registry.npmjs.org/strip-final-newline/-/strip-final-newline-2.0.0.tgz 6520ms (cache miss)
1863 http fetch GET 200 https://registry.npmjs.org/onetime/-/onetime-5.1.2.tgz 6521ms (cache miss)
1864 http fetch GET 200 https://registry.npmjs.org/get-stream/-/get-stream-6.0.1.tgz 6524ms (cache miss)
1865 http fetch GET 200 https://registry.npmjs.org/pkg-dir/-/pkg-dir-4.2.0.tgz 6541ms (cache miss)
1866 http fetch GET 200 https://registry.npmjs.org/jest-matcher-utils/-/jest-matcher-utils-29.7.0.tgz 7164ms (cache miss)
1867 http fetch GET 200 https://registry.npmjs.org/which/-/which-2.0.2.tgz 7050ms (cache miss)
1868 http fetch GET 200 https://registry.npmjs.org/merge-stream/-/merge-stream-2.0.0.tgz 7047ms (cache miss)
1869 http fetch GET 200 https://registry.npmjs.org/npm-run-path/-/npm-run-path-4.0.1.tgz 7049ms (cache miss)
1870 http fetch GET 200 https://registry.npmjs.org/p-limit/-/p-limit-3.1.0.tgz 7049ms (cache miss)
1871 http fetch GET 200 https://registry.npmjs.org/once/-/once-1.4.0.tgz 7031ms (cache miss)
1872 http fetch GET 200 https://registry.npmjs.org/minimatch/-/minimatch-3.1.2.tgz 7041ms (cache miss)
1873 http fetch GET 200 https://registry.npmjs.org/inherits/-/inherits-2.0.4.tgz 7048ms (cache miss)
1874 http fetch GET 200 https://registry.npmjs.org/inflight/-/inflight-1.0.6.tgz 7046ms (cache miss)
1875 warn deprecated inflight@1.0.6: This module is not supported, and leaks memory. Do not use it. Check out lru-cache if you want a good and tested way to coalesce async requests by a key value, which is much more comprehensive and powerful.
1876 http fetch GET 200 https://registry.npmjs.org/resolve-cwd/-/resolve-cwd-3.0.0.tgz 7060ms (cache miss)
1877 http fetch GET 200 https://registry.npmjs.org/esprima/-/esprima-4.0.1.tgz 7456ms (cache miss)
1878 http fetch GET 200 https://registry.npmjs.org/diff-sequences/-/diff-sequences-29.6.3.tgz 7415ms (cache miss)
1879 http fetch GET 200 https://registry.npmjs.org/babel-jest/-/babel-jest-29.7.0.tgz 7276ms (cache miss)
1880 http fetch GET 200 https://registry.npmjs.org/cross-spawn/-/cross-spawn-7.0.6.tgz 7239ms (cache miss)
1881 http fetch GET 200 https://registry.npmjs.org/wrappy/-/wrappy-1.0.2.tgz 7235ms (cache miss)
1882 http fetch GET 200 https://registry.npmjs.org/path-is-absolute/-/path-is-absolute-1.0.1.tgz 7239ms (cache miss)
1883 http fetch GET 200 https://registry.npmjs.org/supports-color/-/supports-color-7.2.0.tgz 7219ms (cache miss)
1884 http fetch GET 200 https://registry.npmjs.org/jest-each/-/jest-each-29.7.0.tgz 7518ms (cache miss)
1885 http fetch GET 200 https://registry.npmjs.org/make-dir/-/make-dir-4.0.0.tgz 7388ms (cache miss)
1886 http fetch GET 200 https://registry.npmjs.org/html-escaper/-/html-escaper-2.0.2.tgz 7398ms (cache miss)
1887 http fetch GET 200 https://registry.npmjs.org/color-convert/-/color-convert-2.0.1.tgz 7351ms (cache miss)
1888 http fetch GET 200 https://registry.npmjs.org/update-browserslist-db/-/update-browserslist-db-1.1.3.tgz 7368ms (cache miss)
1889 http fetch GET 200 https://registry.npmjs.org/path-exists/-/path-exists-4.0.0.tgz 7377ms (cache miss)
1890 http fetch GET 200 https://registry.npmjs.org/resolve-from/-/resolve-from-5.0.0.tgz 7346ms (cache miss)
1891 http fetch GET 200 https://registry.npmjs.org/node-releases/-/node-releases-2.0.19.tgz 7358ms (cache miss)
1892 http fetch GET 200 https://registry.npmjs.org/locate-path/-/locate-path-5.0.0.tgz 7359ms (cache miss)
1893 http fetch GET 200 https://registry.npmjs.org/color-name/-/color-name-1.1.4.tgz 7490ms (cache miss)
1894 http fetch GET 200 https://registry.npmjs.org/@istanbuljs/schema/-/schema-0.1.3.tgz 7457ms (cache miss)
1895 http fetch GET 200 https://registry.npmjs.org/ms/-/ms-2.1.3.tgz 7617ms (cache miss)
1896 http fetch GET 200 https://registry.npmjs.org/ansi-styles/-/ansi-styles-4.3.0.tgz 7596ms (cache miss)
1897 http fetch GET 200 https://registry.npmjs.org/get-package-type/-/get-package-type-0.1.0.tgz 7590ms (cache miss)
1898 http fetch GET 200 https://registry.npmjs.org/fs.realpath/-/fs.realpath-1.0.0.tgz 7592ms (cache miss)
1899 http fetch GET 200 https://registry.npmjs.org/camelcase/-/camelcase-5.3.1.tgz 7580ms (cache miss)
1900 http fetch GET 200 https://registry.npmjs.org/@jridgewell/resolve-uri/-/resolve-uri-3.1.2.tgz 7585ms (cache miss)
1901 http fetch GET 200 https://registry.npmjs.org/expect/-/expect-29.7.0.tgz 7920ms (cache miss)
1902 http fetch GET 200 https://registry.npmjs.org/@babel/compat-data/-/compat-data-7.26.8.tgz 7682ms (cache miss)
1903 http fetch GET 200 https://registry.npmjs.org/@jest/schemas/-/schemas-29.6.3.tgz 7707ms (cache miss)
1904 http fetch GET 200 https://registry.npmjs.org/test-exclude/-/test-exclude-6.0.0.tgz 7730ms (cache miss)
1905 http fetch GET 200 https://registry.npmjs.org/sprintf-js/-/sprintf-js-1.0.3.tgz 8106ms (cache miss)
1906 http fetch GET 200 https://registry.npmjs.org/@types/yargs/-/yargs-17.0.33.tgz 7820ms (cache miss)
1907 http fetch GET 200 https://registry.npmjs.org/lru-cache/-/lru-cache-5.1.1.tgz 7806ms (cache miss)
1908 http fetch GET 200 https://registry.npmjs.org/jsesc/-/jsesc-3.1.0.tgz 7775ms (cache miss)
1909 http fetch GET 200 https://registry.npmjs.org/@types/istanbul-lib-report/-/istanbul-lib-report-3.0.3.tgz 7826ms (cache miss)
1910 http fetch GET 200 https://registry.npmjs.org/@babel/helper-validator-option/-/helper-validator-option-7.25.9.tgz 7775ms (cache miss)
1911 http fetch GET 200 https://registry.npmjs.org/@babel/helper-plugin-utils/-/helper-plugin-utils-7.26.5.tgz 7832ms (cache miss)
1912 http fetch GET 200 https://registry.npmjs.org/picocolors/-/picocolors-1.1.1.tgz 7782ms (cache miss)
1913 http fetch GET 200 https://registry.npmjs.org/@babel/helper-module-imports/-/helper-module-imports-7.25.9.tgz 7780ms (cache miss)
1914 http fetch GET 200 https://registry.npmjs.org/js-tokens/-/js-tokens-4.0.0.tgz 7796ms (cache miss)
1915 http fetch GET 200 https://registry.npmjs.org/find-up/-/find-up-4.1.0.tgz 7939ms (cache miss)
1916 http fetch GET 200 https://registry.npmjs.org/gensync/-/gensync-1.0.0-beta.2.tgz 7876ms (cache miss)
1917 http fetch GET 200 https://registry.npmjs.org/jest-mock/-/jest-mock-29.7.0.tgz 8313ms (cache miss)
1918 http fetch GET 200 https://registry.npmjs.org/@istanbuljs/load-nyc-config/-/load-nyc-config-1.1.0.tgz 8116ms (cache miss)
1919 http fetch GET 200 https://registry.npmjs.org/@types/yargs-parser/-/yargs-parser-21.0.3.tgz 8112ms (cache miss)
1920 http fetch GET 200 https://registry.npmjs.org/electron-to-chromium/-/electron-to-chromium-1.5.118.tgz 8129ms (cache miss)
1921 http fetch GET 200 https://registry.npmjs.org/@babel/helper-compilation-targets/-/helper-compilation-targets-7.26.5.tgz 8023ms (cache miss)
1922 http fetch GET 200 https://registry.npmjs.org/@babel/helper-string-parser/-/helper-string-parser-7.25.9.tgz 8106ms (cache miss)
1923 http fetch GET 200 https://registry.npmjs.org/@types/istanbul-reports/-/istanbul-reports-3.0.4.tgz 8039ms (cache miss)
1924 http fetch GET 200 https://registry.npmjs.org/@ampproject/remapping/-/remapping-2.3.0.tgz 8025ms (cache miss)
1925 http fetch GET 200 https://registry.npmjs.org/source-map-support/-/source-map-support-0.5.13.tgz 8448ms (cache miss)
1926 http fetch GET 200 https://registry.npmjs.org/@sinonjs/fake-timers/-/fake-timers-10.3.0.tgz 8394ms (cache miss)
1927 http fetch GET 200 https://registry.npmjs.org/globals/-/globals-11.12.0.tgz 8176ms (cache miss)
1928 http fetch GET 200 https://registry.npmjs.org/convert-source-map/-/convert-source-map-2.0.0.tgz 8101ms (cache miss)
1929 http fetch GET 200 https://registry.npmjs.org/@jridgewell/gen-mapping/-/gen-mapping-0.3.8.tgz 8107ms (cache miss)
1930 http fetch GET 200 https://registry.npmjs.org/fast-json-stable-stringify/-/fast-json-stable-stringify-2.1.0.tgz 8094ms (cache miss)
1931 http fetch GET 200 https://registry.npmjs.org/@types/babel__traverse/-/babel__traverse-7.20.6.tgz 8381ms (cache miss)
1932 http fetch GET 200 https://registry.npmjs.org/@jridgewell/set-array/-/set-array-1.2.1.tgz 8247ms (cache miss)
1933 http fetch GET 200 https://registry.npmjs.org/debug/-/debug-4.4.0.tgz 8183ms (cache miss)
1934 http fetch GET 200 https://registry.npmjs.org/@babel/code-frame/-/code-frame-7.26.2.tgz 8171ms (cache miss)
1935 http fetch GET 200 https://registry.npmjs.org/string-length/-/string-length-4.0.2.tgz 8236ms (cache miss)
1936 http fetch GET 200 https://registry.npmjs.org/strip-ansi/-/strip-ansi-6.0.1.tgz 8228ms (cache miss)
1937 http fetch GET 200 https://registry.npmjs.org/human-signals/-/human-signals-2.1.0.tgz 8490ms (cache miss)
1938 http fetch GET 200 https://registry.npmjs.org/@types/istanbul-lib-coverage/-/istanbul-lib-coverage-2.0.6.tgz 8311ms (cache miss)
1939 http fetch GET 200 https://registry.npmjs.org/write-file-atomic/-/write-file-atomic-4.0.2.tgz 8310ms (cache miss)
1940 http fetch GET 200 https://registry.npmjs.org/micromatch/-/micromatch-4.0.8.tgz 8280ms (cache miss)
1941 http fetch GET 200 https://registry.npmjs.org/babel-plugin-istanbul/-/babel-plugin-istanbul-6.1.1.tgz 8331ms (cache miss)
1942 http fetch GET 200 https://registry.npmjs.org/@babel/helper-validator-identifier/-/helper-validator-identifier-7.25.9.tgz 8336ms (cache miss)
1943 http fetch GET 200 https://registry.npmjs.org/pretty-format/-/pretty-format-29.7.0.tgz 8318ms (cache miss)
1944 http fetch GET 200 https://registry.npmjs.org/pirates/-/pirates-4.0.6.tgz 8410ms (cache miss)
1945 http fetch GET 200 https://registry.npmjs.org/v8-to-istanbul/-/v8-to-istanbul-9.3.0.tgz 8403ms (cache miss)
1946 http fetch GET 200 https://registry.npmjs.org/istanbul-lib-report/-/istanbul-lib-report-3.0.1.tgz 8396ms (cache miss)
1947 http fetch GET 200 https://registry.npmjs.org/istanbul-lib-coverage/-/istanbul-lib-coverage-3.2.2.tgz 8390ms (cache miss)
1948 http fetch GET 200 https://registry.npmjs.org/collect-v8-coverage/-/collect-v8-coverage-1.0.2.tgz 8396ms (cache miss)
1949 http fetch GET 200 https://registry.npmjs.org/chalk/-/chalk-4.1.2.tgz 8360ms (cache miss)
1950 http fetch GET 200 https://registry.npmjs.org/jest-resolve-dependencies/-/jest-resolve-dependencies-29.7.0.tgz 8381ms (cache miss)
1951 http fetch GET 200 https://registry.npmjs.org/jest-regex-util/-/jest-regex-util-29.6.3.tgz 8377ms (cache miss)
1952 http fetch GET 200 https://registry.npmjs.org/jest-runner/-/jest-runner-29.7.0.tgz 8384ms (cache miss)
1953 http fetch GET 200 https://registry.npmjs.org/slash/-/slash-3.0.0.tgz 8439ms (cache miss)
1954 http fetch GET 200 https://registry.npmjs.org/istanbul-lib-instrument/-/istanbul-lib-instrument-6.0.3.tgz 8456ms (cache miss)
1955 http fetch GET 200 https://registry.npmjs.org/jest-watcher/-/jest-watcher-29.7.0.tgz 8438ms (cache miss)
1956 http fetch GET 200 https://registry.npmjs.org/jest-validate/-/jest-validate-29.7.0.tgz 8441ms (cache miss)
1957 http fetch GET 200 https://registry.npmjs.org/jest-runtime/-/jest-runtime-29.7.0.tgz 8440ms (cache miss)
1958 http fetch GET 200 https://registry.npmjs.org/ansi-escapes/-/ansi-escapes-4.3.2.tgz 8384ms (cache miss)
1959 http fetch GET 200 https://registry.npmjs.org/ci-info/-/ci-info-3.9.0.tgz 8393ms (cache miss)
1960 http fetch GET 200 https://registry.npmjs.org/jest-changed-files/-/jest-changed-files-29.7.0.tgz 8408ms (cache miss)
1961 http fetch GET 200 https://registry.npmjs.org/browserslist/-/browserslist-4.24.4.tgz 8607ms (cache miss)
1962 http fetch GET 200 https://registry.npmjs.org/graceful-fs/-/graceful-fs-4.2.11.tgz 8480ms (cache miss)
1963 http fetch GET 200 https://registry.npmjs.org/istanbul-lib-source-maps/-/istanbul-lib-source-maps-4.0.1.tgz 8528ms (cache miss)
1964 http fetch GET 200 https://registry.npmjs.org/jest-message-util/-/jest-message-util-29.7.0.tgz 8487ms (cache miss)
1965 http fetch GET 200 https://registry.npmjs.org/import-local/-/import-local-3.2.0.tgz 8442ms (cache miss)
1966 http fetch GET 200 https://registry.npmjs.org/jest-cli/-/jest-cli-29.7.0.tgz 8453ms (cache miss)
1967 http fetch GET 200 https://registry.npmjs.org/@jest/console/-/console-29.7.0.tgz 8462ms (cache miss)
1968 http fetch GET 200 https://registry.npmjs.org/semver/-/semver-6.3.1.tgz 8617ms (cache miss)
1969 http fetch GET 200 https://registry.npmjs.org/glob/-/glob-7.2.3.tgz 8588ms (cache miss)
1970 warn deprecated glob@7.2.3: Glob versions prior to v9 are no longer supported
1971 http fetch GET 200 https://registry.npmjs.org/p-limit/-/p-limit-2.3.0.tgz 8475ms (cache miss)
1972 http fetch GET 200 https://registry.npmjs.org/jest/-/jest-29.7.0.tgz 8483ms (cache miss)
1973 http fetch GET 200 https://registry.npmjs.org/@jest/test-result/-/test-result-29.7.0.tgz 8531ms (cache miss)
1974 http fetch GET 200 https://registry.npmjs.org/supports-color/-/supports-color-8.1.1.tgz 8512ms (cache miss)
1975 http fetch GET 200 https://registry.npmjs.org/@jest/transform/-/transform-29.7.0.tgz 8538ms (cache miss)
1976 http fetch GET 200 https://registry.npmjs.org/ansi-styles/-/ansi-styles-5.2.0.tgz 8185ms (cache miss)
1977 http fetch GET 200 https://registry.npmjs.org/camelcase/-/camelcase-6.3.0.tgz 8544ms (cache miss)
1978 http fetch GET 200 https://registry.npmjs.org/istanbul-lib-instrument/-/istanbul-lib-instrument-5.2.1.tgz 8551ms (cache miss)
1979 http fetch GET 200 https://registry.npmjs.org/argparse/-/argparse-1.0.10.tgz 9140ms (cache miss)
1980 http fetch GET 200 https://registry.npmjs.org/picomatch/-/picomatch-2.3.1.tgz 9086ms (cache miss)
1981 http fetch GET 200 https://registry.npmjs.org/@jest/types/-/types-29.6.3.tgz 8590ms (cache miss)
1982 http fetch GET 200 https://registry.npmjs.org/jest-resolve/-/jest-resolve-29.7.0.tgz 8725ms (cache miss)
1983 http fetch GET 200 https://registry.npmjs.org/@jridgewell/sourcemap-codec/-/sourcemap-codec-1.5.0.tgz 8886ms (cache miss)
1984 http fetch GET 200 https://registry.npmjs.org/jest-snapshot/-/jest-snapshot-29.7.0.tgz 8771ms (cache miss)
1985 http fetch GET 200 https://registry.npmjs.org/@babel/template/-/template-7.26.9.tgz 8852ms (cache miss)
1986 http fetch GET 200 https://registry.npmjs.org/jest-circus/-/jest-circus-29.7.0.tgz 9069ms (cache miss)
1987 http fetch GET 200 https://registry.npmjs.org/execa/-/execa-5.1.1.tgz 9025ms (cache miss)
1988 http fetch GET 200 https://registry.npmjs.org/jest-util/-/jest-util-29.7.0.tgz 8884ms (cache miss)
1989 http fetch GET 200 https://registry.npmjs.org/jest-worker/-/jest-worker-29.7.0.tgz 8939ms (cache miss)
1990 http fetch GET 200 https://registry.npmjs.org/@babel/helper-module-transforms/-/helper-module-transforms-7.26.0.tgz 8972ms (cache miss)
1991 http fetch GET 200 https://registry.npmjs.org/exit/-/exit-0.1.2.tgz 8910ms (cache miss)
1992 http fetch GET 200 https://registry.npmjs.org/@jridgewell/trace-mapping/-/trace-mapping-0.3.25.tgz 8958ms (cache miss)
1993 http fetch GET 200 https://registry.npmjs.org/jest-config/-/jest-config-29.7.0.tgz 9002ms (cache miss)
1994 http fetch GET 200 https://registry.npmjs.org/jest-haste-map/-/jest-haste-map-29.7.0.tgz 9100ms (cache miss)
1995 http fetch GET 200 https://registry.npmjs.org/undici-types/-/undici-types-6.20.0.tgz 9321ms (cache miss)
1996 http fetch GET 200 https://registry.npmjs.org/json5/-/json5-2.2.3.tgz 9248ms (cache miss)
1997 http fetch GET 200 https://registry.npmjs.org/@jest/reporters/-/reporters-29.7.0.tgz 9151ms (cache miss)
1998 http fetch GET 200 https://registry.npmjs.org/type-fest/-/type-fest-0.21.3.tgz 9433ms (cache miss)
1999 http fetch GET 200 https://registry.npmjs.org/semver/-/semver-7.7.1.tgz 9422ms (cache miss)
2000 http fetch GET 200 https://registry.npmjs.org/semver/-/semver-7.7.1.tgz 9265ms (cache miss)
2001 http fetch GET 200 https://registry.npmjs.org/semver/-/semver-7.7.1.tgz 9090ms (cache miss)
2002 http fetch GET 200 https://registry.npmjs.org/source-map/-/source-map-0.6.1.tgz 9855ms (cache miss)
2003 http fetch GET 200 https://registry.npmjs.org/@jest/core/-/core-29.7.0.tgz 9594ms (cache miss)
2004 http fetch GET 200 https://registry.npmjs.org/js-yaml/-/js-yaml-3.14.1.tgz 9851ms (cache miss)
2005 http fetch GET 200 https://registry.npmjs.org/yargs/-/yargs-17.7.2.tgz 9965ms (cache miss)
2006 http fetch GET 200 https://registry.npmjs.org/@sinclair/typebox/-/typebox-0.27.8.tgz 9904ms (cache miss)
2007 http fetch GET 200 https://registry.npmjs.org/@bcoe/v8-coverage/-/v8-coverage-0.2.3.tgz 9795ms (cache miss)
2008 http fetch GET 200 https://registry.npmjs.org/prompts/-/prompts-2.4.2.tgz 10061ms (cache miss)
2009 http fetch GET 200 https://registry.npmjs.org/@babel/generator/-/generator-7.26.10.tgz 9892ms (cache miss)
2010 http fetch GET 200 https://registry.npmjs.org/pure-rand/-/pure-rand-6.1.0.tgz 10291ms (cache miss)
2011 http fetch GET 200 https://registry.npmjs.org/istanbul-reports/-/istanbul-reports-3.1.7.tgz 9989ms (cache miss)
2012 http fetch GET 200 https://registry.npmjs.org/@babel/parser/-/parser-7.26.10.tgz 10166ms (cache miss)
2013 http fetch GET 200 https://registry.npmjs.org/@babel/traverse/-/traverse-7.26.10.tgz 10235ms (cache miss)
2014 http fetch GET 200 https://registry.npmjs.org/resolve/-/resolve-1.22.10.tgz 10849ms (cache miss)
2015 http fetch GET 200 https://registry.npmjs.org/@babel/core/-/core-7.26.10.tgz 10675ms (cache miss)
2016 http fetch GET 200 https://registry.npmjs.org/@types/node/-/node-22.13.10.tgz 10632ms (cache miss)
2017 http fetch GET 200 https://registry.npmjs.org/@babel/helpers/-/helpers-7.26.10.tgz 11043ms (cache miss)
2018 http fetch GET 200 https://registry.npmjs.org/@babel/types/-/types-7.26.10.tgz 11144ms (cache miss)
2019 http fetch GET 200 https://registry.npmjs.org/caniuse-lite/-/caniuse-lite-1.0.30001704.tgz 12571ms (cache miss)
2020 silly ADD node_modules/p-try
2021 silly ADD node_modules/is-fullwidth-code-point
2022 silly ADD node_modules/emoji-regex
2023 silly ADD node_modules/wrap-ansi
2024 silly ADD node_modules/yargs-parser
2025 silly ADD node_modules/y18n
2026 silly ADD node_modules/string-width
2027 silly ADD node_modules/require-directory
2028 silly ADD node_modules/get-caller-file
2029 silly ADD node_modules/cliui
2030 silly ADD node_modules/imurmurhash
2031 silly ADD node_modules/isexe
2032 silly ADD node_modules/tmpl
2033 silly ADD node_modules/makeerror
2034 silly ADD node_modules/escalade
2035 silly ADD node_modules/is-number
2036 silly ADD node_modules/has-flag
2037 silly ADD node_modules/ansi-regex
2038 silly ADD node_modules/char-regex
2039 silly ADD node_modules/escape-string-regexp
2040 silly ADD node_modules/buffer-from
2041 silly ADD node_modules/shebang-regex
2042 silly ADD node_modules/function-bind
2043 silly ADD node_modules/hasown
2044 silly ADD node_modules/supports-preserve-symlinks-flag
2045 silly ADD node_modules/path-parse
2046 silly ADD node_modules/is-core-module
2047 silly ADD node_modules/sisteransi
2048 silly ADD node_modules/kleur
2049 silly ADD node_modules/react-is
2050 silly ADD node_modules/is-arrayish
2051 silly ADD node_modules/lines-and-columns
2052 silly ADD node_modules/json-parse-even-better-errors
2053 silly ADD node_modules/error-ex
2054 silly ADD node_modules/yocto-queue
2055 silly ADD node_modules/mimic-fn
2056 silly ADD node_modules/concat-map
2057 silly ADD node_modules/balanced-match
2058 silly ADD node_modules/brace-expansion
2059 silly ADD node_modules/to-regex-range
2060 silly ADD node_modules/fill-range
2061 silly ADD node_modules/braces
2062 silly ADD node_modules/yallist
2063 silly ADD node_modules/p-locate
2064 silly ADD node_modules/p-locate/node_modules/p-limit
2065 silly ADD node_modules/sprintf-js
2066 silly ADD node_modules/esprima
2067 silly ADD node_modules/argparse
2068 silly ADD node_modules/leven
2069 silly ADD node_modules/natural-compare
2070 silly ADD node_modules/@babel/plugin-syntax-typescript
2071 silly ADD node_modules/@babel/plugin-syntax-jsx
2072 silly ADD node_modules/callsites
2073 silly ADD node_modules/strip-bom
2074 silly ADD node_modules/cjs-module-lexer
2075 silly ADD node_modules/@jest/source-map
2076 silly ADD node_modules/@jest/globals
2077 silly ADD node_modules/detect-newline
2078 silly ADD node_modules/source-map-support
2079 silly ADD node_modules/jest-leak-detector
2080 silly ADD node_modules/jest-docblock
2081 silly ADD node_modules/emittery
2082 silly ADD node_modules/resolve.exports
2083 silly ADD node_modules/resolve
2084 silly ADD node_modules/jest-pnp-resolver
2085 silly ADD node_modules/@types/stack-utils
2086 silly ADD node_modules/diff-sequences
2087 silly ADD node_modules/jest-diff
2088 silly ADD node_modules/node-int64
2089 silly ADD node_modules/bser
2090 silly ADD node_modules/picomatch
2091 silly ADD node_modules/normalize-path
2092 silly ADD node_modules/walker
2093 silly ADD
2094 silly ADD node_modules/fb-watchman
2095 silly ADD node_modules/anymatch
2096 silly ADD node_modules/@types/graceful-fs
2097 silly ADD node_modules/@jest/expect-utils
2098 silly ADD node_modules/type-detect
2099 silly ADD node_modules/@sinonjs/commons
2100 silly ADD node_modules/@sinonjs/fake-timers
2101 silly ADD node_modules/expect
2102 silly ADD node_modules/jest-mock
2103 silly ADD node_modules/@jest/fake-timers
2104 silly ADD node_modules/stack-utils
2105 silly ADD node_modules/pure-rand
2106 silly ADD node_modules/jest-matcher-utils
2107 silly ADD node_modules/jest-each
2108 silly ADD node_modules/is-generator-fn
2109 silly ADD node_modules/dedent
2110 silly ADD node_modules/co
2111 silly ADD node_modules/@jest/expect
2112 silly ADD node_modules/@jest/environment
2113 silly ADD node_modules/@babel/plugin-syntax-top-level-await
2114 silly ADD node_modules/@babel/plugin-syntax-private-property-in-object
2115 silly ADD node_modules/@babel/plugin-syntax-optional-chaining
2116 silly ADD node_modules/@babel/plugin-syntax-optional-catch-binding
2117 silly ADD node_modules/@babel/plugin-syntax-object-rest-spread
2118 silly ADD node_modules/@babel/plugin-syntax-numeric-separator
2119 silly ADD node_modules/@babel/plugin-syntax-nullish-coalescing-operator
2120 silly ADD node_modules/@babel/plugin-syntax-logical-assignment-operators
2121 silly ADD node_modules/@babel/plugin-syntax-json-strings
2122 silly ADD node_modules/@babel/plugin-syntax-import-meta
2123 silly ADD node_modules/@babel/plugin-syntax-import-attributes
2124 silly ADD node_modules/@babel/plugin-syntax-class-static-block
2125 silly ADD node_modules/@babel/plugin-syntax-class-properties
2126 silly ADD node_modules/@babel/plugin-syntax-bigint
2127 silly ADD node_modules/@babel/plugin-syntax-async-generators
2128 silly ADD node_modules/babel-preset-current-node-syntax
2129 silly ADD node_modules/babel-plugin-jest-hoist
2130 silly ADD node_modules/@types/babel__traverse
2131 silly ADD node_modules/@types/babel__template
2132 silly ADD node_modules/@types/babel__generator
2133 silly ADD node_modules/babel-preset-jest
2134 silly ADD node_modules/@types/babel__core
2135 silly ADD node_modules/strip-json-comments
2136 silly ADD node_modules/parse-json
2137 silly ADD node_modules/jest-get-type
2138 silly ADD node_modules/jest-environment-node
2139 silly ADD node_modules/jest-circus
2140 silly ADD node_modules/deepmerge
2141 silly ADD node_modules/babel-jest
2142 silly ADD node_modules/@jest/test-sequencer
2143 silly ADD node_modules/prompts
2144 silly ADD node_modules/yargs
2145 silly ADD node_modules/create-jest
2146 silly ADD node_modules/which
2147 silly ADD node_modules/shebang-command
2148 silly ADD node_modules/path-key
2149 silly ADD node_modules/strip-final-newline
2150 silly ADD node_modules/signal-exit
2151 silly ADD node_modules/onetime
2152 silly ADD node_modules/npm-run-path
2153 silly ADD node_modules/merge-stream
2154 silly ADD node_modules/is-stream
2155 silly ADD node_modules/human-signals
2156 silly ADD node_modules/get-stream
2157 silly ADD node_modules/cross-spawn
2158 silly ADD node_modules/p-limit
2159 silly ADD node_modules/execa
2160 silly ADD node_modules/html-escaper
2161 silly ADD node_modules/source-map
2162 silly ADD node_modules/make-dir
2163 silly ADD node_modules/make-dir/node_modules/semver
2164 silly ADD node_modules/wrappy
2165 silly ADD node_modules/resolve-cwd
2166 silly ADD node_modules/pkg-dir
2167 silly ADD node_modules/path-is-absolute
2168 silly ADD node_modules/once
2169 silly ADD node_modules/minimatch
2170 silly ADD node_modules/inherits
2171 silly ADD node_modules/inflight
2172 silly ADD node_modules/fs.realpath
2173 silly ADD node_modules/path-exists
2174 silly ADD node_modules/locate-path
2175 silly ADD node_modules/ms
2176 silly ADD node_modules/color-name
2177 silly ADD node_modules/color-convert
2178 silly ADD node_modules/supports-color
2179 silly ADD node_modules/ansi-styles
2180 silly ADD node_modules/update-browserslist-db
2181 silly ADD node_modules/node-releases
2182 silly ADD node_modules/electron-to-chromium
2183 silly ADD node_modules/caniuse-lite
2184 silly ADD node_modules/resolve-from
2185 silly ADD node_modules/js-yaml
2186 silly ADD node_modules/get-package-type
2187 silly ADD node_modules/find-up
2188 silly ADD node_modules/camelcase
2189 silly ADD node_modules/test-exclude
2190 silly ADD node_modules/@istanbuljs/schema
2191 silly ADD node_modules/@istanbuljs/load-nyc-config
2192 silly ADD node_modules/@babel/helper-plugin-utils
2193 silly ADD node_modules/type-fest
2194 silly ADD node_modules/@types/yargs-parser
2195 silly ADD node_modules/undici-types
2196 silly ADD node_modules/@types/istanbul-lib-report
2197 silly ADD node_modules/@jridgewell/resolve-uri
2198 silly ADD node_modules/@jridgewell/sourcemap-codec
2199 silly ADD node_modules/@jridgewell/set-array
2200 silly ADD node_modules/@sinclair/typebox
2201 silly ADD node_modules/@types/yargs
2202 silly ADD node_modules/@types/istanbul-reports
2203 silly ADD node_modules/@jest/schemas
2204 silly ADD node_modules/@babel/helper-string-parser
2205 silly ADD node_modules/globals
2206 silly ADD node_modules/@babel/helper-module-imports
2207 silly ADD node_modules/lru-cache
2208 silly ADD node_modules/browserslist
2209 silly ADD node_modules/@babel/helper-validator-option
2210 silly ADD node_modules/@babel/compat-data
2211 silly ADD node_modules/jsesc
2212 silly ADD node_modules/picocolors
2213 silly ADD node_modules/js-tokens
2214 silly ADD node_modules/@babel/helper-validator-identifier
2215 silly ADD node_modules/@jridgewell/gen-mapping
2216 silly ADD node_modules/semver
2217 silly ADD node_modules/json5
2218 silly ADD node_modules/gensync
2219 silly ADD node_modules/debug
2220 silly ADD node_modules/@babel/types
2221 silly ADD node_modules/@babel/traverse
2222 silly ADD node_modules/@babel/template
2223 silly ADD node_modules/@babel/parser
2224 silly ADD node_modules/@babel/helpers
2225 silly ADD node_modules/@babel/helper-module-transforms
2226 silly ADD node_modules/@babel/helper-compilation-targets
2227 silly ADD node_modules/@babel/generator
2228 silly ADD node_modules/@babel/code-frame
2229 silly ADD node_modules/@ampproject/remapping
2230 silly ADD node_modules/write-file-atomic
2231 silly ADD node_modules/pirates
2232 silly ADD node_modules/fast-json-stable-stringify
2233 silly ADD node_modules/convert-source-map
2234 silly ADD node_modules/babel-plugin-istanbul
2235 silly ADD node_modules/babel-plugin-istanbul/node_modules/istanbul-lib-instrument
2236 silly ADD node_modules/@babel/core
2237 silly ADD node_modules/@types/istanbul-lib-coverage
2238 silly ADD node_modules/v8-to-istanbul
2239 silly ADD node_modules/string-length
2240 silly ADD node_modules/jest-worker
2241 silly ADD node_modules/jest-worker/node_modules/supports-color
2242 silly ADD node_modules/istanbul-reports
2243 silly ADD node_modules/istanbul-lib-source-maps
2244 silly ADD node_modules/istanbul-lib-report
2245 silly ADD node_modules/istanbul-lib-instrument
2246 silly ADD node_modules/istanbul-lib-instrument/node_modules/semver
2247 silly ADD node_modules/istanbul-lib-coverage
2248 silly ADD node_modules/glob
2249 silly ADD node_modules/collect-v8-coverage
2250 silly ADD node_modules/@jridgewell/trace-mapping
2251 silly ADD node_modules/@bcoe/v8-coverage
2252 silly ADD node_modules/strip-ansi
2253 silly ADD node_modules/slash
2254 silly ADD node_modules/pretty-format
2255 silly ADD node_modules/pretty-format/node_modules/ansi-styles
2256 silly ADD node_modules/micromatch
2257 silly ADD node_modules/jest-watcher
2258 silly ADD node_modules/jest-validate
2259 silly ADD node_modules/jest-validate/node_modules/camelcase
2260 silly ADD node_modules/jest-util
2261 silly ADD node_modules/jest-snapshot
2262 silly ADD node_modules/jest-snapshot/node_modules/semver
2263 silly ADD node_modules/jest-runtime
2264 silly ADD node_modules/jest-runner
2265 silly ADD node_modules/jest-resolve-dependencies
2266 silly ADD node_modules/jest-resolve
2267 silly ADD node_modules/jest-regex-util
2268 silly ADD node_modules/jest-message-util
2269 silly ADD node_modules/jest-haste-map
2270 silly ADD node_modules/jest-config
2271 silly ADD node_modules/jest-changed-files
2272 silly ADD node_modules/graceful-fs
2273 silly ADD node_modules/exit
2274 silly ADD node_modules/ci-info
2275 silly ADD node_modules/chalk
2276 silly ADD node_modules/ansi-escapes
2277 silly ADD node_modules/@types/node
2278 silly ADD node_modules/@jest/transform
2279 silly ADD node_modules/@jest/test-result
2280 silly ADD node_modules/@jest/reporters
2281 silly ADD node_modules/@jest/console
2282 silly ADD node_modules/jest-cli
2283 silly ADD node_modules/import-local
2284 silly ADD node_modules/@jest/types
2285 silly ADD node_modules/@jest/core
2286 silly ADD node_modules/jest
2287 verbose cwd /home/pribg
2288 verbose os Linux 4.4.0-19041-Microsoft
2289 verbose node v20.19.0
2290 verbose npm  v10.8.2
2291 notice
2291 notice New [31mmajor[39m version of npm available! [31m10.8.2[39m -> [34m11.2.0[39m
2291 notice Changelog: [34mhttps://github.com/npm/cli/releases/tag/v11.2.0[39m
2291 notice To update run: [4mnpm install -g npm@11.2.0[24m
2291 notice  { force: true, [Symbol(proc-log.meta)]: true }
2292 verbose exit 0
2293 info ok
